"","STATE","EST","E95L","E95H","EST_F","E95L_F","E95H_F","POP","STROKE","AFFGEOID","StateName.x","ID","StateName.y","StateName","EST_CASES"
"1",1,0.105712219107768,0.0199705576005949,0.191453880614941,2.57834680750654,0.487086770746218,4.66960684426686,3283,4.1,"1400000US01097005400","Alabama (AL)",1,"Alabama (AL)","Alabama (AL)",3.47053215330803
"2",1,0.105712219107768,0.0199705576005949,0.191453880614941,2.45842370018065,0.464431572106859,4.45241582825445,2099,4.3,"1400000US01097005500","Alabama (AL)",2,"Alabama (AL)","Alabama (AL)",2.21889947907205
"3",1,0.105712219107768,0.0199705576005949,0.191453880614941,2.40255043426746,0.45387630910443,4.35122455943048,1120,4.4,"1400000US01097005200","Alabama (AL)",3,"Alabama (AL)","Alabama (AL)",1.183976854007
"4",1,0.105712219107768,0.0199705576005949,0.191453880614941,1.99457017184468,0.376802973596131,3.61233737009323,850,5.3,"1400000US01097005100","Alabama (AL)",4,"Alabama (AL)","Alabama (AL)",0.898553862416029
"5",1,0.105712219107768,0.0199705576005949,0.191453880614941,1.95763368718089,0.369825140751758,3.54544223361002,1323,5.4,"1400000US01097005300","Alabama (AL)",5,"Alabama (AL)","Alabama (AL)",1.39857265879577
"6",1,0.0434415919827358,0.00820674111540826,0.0786764428500633,0.924289191122038,0.174611513093793,1.67396686915028,1987,4.7,"1400000US01125010404","Alabama (AL)",6,"Alabama (AL)","Alabama (AL)",0.86318443269696
"7",1,0.0434415919827358,0.00820674111540826,0.0786764428500633,0.851795921230114,0.160916492458986,1.54267535000124,3131,5.1,"1400000US01125010403","Alabama (AL)",7,"Alabama (AL)","Alabama (AL)",1.36015624497946
"8",1,0.0434415919827358,0.00820674111540826,0.0786764428500633,0.804473925606218,0.151976687322375,1.45697116389006,2188,5.4,"1400000US01125011701","Alabama (AL)",8,"Alabama (AL)","Alabama (AL)",0.950502032582259
"9",1,0.0434415919827358,0.00820674111540826,0.0786764428500633,0.762133192679575,0.143977914305408,1.38028847105374,3050,5.7,"1400000US01125011600","Alabama (AL)",9,"Alabama (AL)","Alabama (AL)",1.32496855547344
"10",1,0.0434415919827358,0.00820674111540826,0.0786764428500633,0.511077552738068,0.0965498954753913,0.925605210000745,3491,8.5,"1400000US01125011703","Alabama (AL)",10,"Alabama (AL)","Alabama (AL)",1.51654597611731
"11",1,0.0434415919827358,0.00820674111540826,0.0786764428500633,0.482684355363731,0.0911860123934251,0.874182698334037,2421,9,"1400000US01125011800","Alabama (AL)",11,"Alabama (AL)","Alabama (AL)",1.05172094190203
"12",1,0.00494751464244816,0.000934656627026924,0.00896037265786939,0.0749623430673963,0.0141614640458625,0.13576322208893,2896,6.6,"1400000US01053970600","Alabama (AL)",12,"Alabama (AL)","Alabama (AL)",0.143280024045299
"13",5,0.100157003739477,0.0189210975719197,0.181392909907035,2.63571062472309,0.497923620313675,4.7734976291325,2613,3.8,"1400000US05139950800","Arkansas (AR)",13,"Arkansas (AR)","Arkansas (AR)",2.61710250771254
"14",5,0.100157003739477,0.0189210975719197,0.181392909907035,2.44285374974335,0.461490184680967,4.42421731480573,3629,4.1,"1400000US05139950700","Arkansas (AR)",14,"Arkansas (AR)","Arkansas (AR)",3.63469766570563
"15",5,0.100157003739477,0.0189210975719197,0.181392909907035,2.22571119421061,0.420468834931548,4.03095355348966,2532,4.5,"1400000US05139950600","Arkansas (AR)",15,"Arkansas (AR)","Arkansas (AR)",2.53597533468356
"16",5,0.100157003739477,0.0189210975719197,0.181392909907035,1.75714041648206,0.331949080209117,3.182331752755,1604,5.7,"1400000US05139950900","Arkansas (AR)",16,"Arkansas (AR)","Arkansas (AR)",1.60651833998122
"17",5,0.100157003739477,0.0189210975719197,0.181392909907035,1.43081433913539,0.270301393884567,2.59132728438621,3153,7,"1400000US05139951000","Arkansas (AR)",17,"Arkansas (AR)","Arkansas (AR)",3.15795032790572
"18",5,0.00905033166370127,0.00170973773249598,0.0163909255949065,0.192560248163857,0.0363773985637443,0.348743097763969,1654,4.7,"1400000US05139950300","Arkansas (AR)",18,"Arkansas (AR)","Arkansas (AR)",0.149692485717619
"19",22,0.606372221482056,0.114552428079889,1.09819201488422,21.6561507672163,4.09115814571033,39.2211433887223,2799,2.8,"1400000US22033001600","Louisiana (LA)",19,"Louisiana (LA)","Louisiana (LA)",16.9723584792828
"20",22,0.515069756907884,0.0973040802233755,0.932835433592392,16.0959299033714,3.04075250698048,29.1511072997623,3455,3.2,"1400000US22019003300","Louisiana (LA)",20,"Louisiana (LA)","Louisiana (LA)",17.7956601011674
"21",22,0.515069756907884,0.0973040802233755,0.932835433592392,14.3074932474412,2.70289111731599,25.9120953775665,3459,3.6,"1400000US22019003101","Louisiana (LA)",21,"Louisiana (LA)","Louisiana (LA)",17.8162628914437
"22",22,0.645037558607898,0.121856866003294,1.1682182512125,13.7242033746361,2.59269927666583,24.8557074726064,1422,4.7,"1400000US22095070600","Louisiana (LA)",22,"Louisiana (LA)","Louisiana (LA)",9.1724340834043
"23",22,0.645037558607898,0.121856866003294,1.1682182512125,13.1640318083244,2.48687481639375,23.8411888002551,3327,4.9,"1400000US22095070700","Louisiana (LA)",23,"Louisiana (LA)","Louisiana (LA)",21.4603995748848
"24",22,0.606372221482056,0.114552428079889,1.09819201488422,12.1274444296411,2.29104856159779,21.9638402976845,2359,5,"1400000US22033000702","Louisiana (LA)",24,"Louisiana (LA)","Louisiana (LA)",14.3043207047617
"25",22,0.313744830992437,0.0592709080568621,0.568218753928013,11.6201789256458,2.19521881692082,21.0451390343708,1837,2.7,"1400000US22019003102","Louisiana (LA)",25,"Louisiana (LA)","Louisiana (LA)",5.76349254533107
"26",22,0.606372221482056,0.114552428079889,1.09819201488422,11.4409853109822,2.16136656754508,20.7206040544193,2144,5.3,"1400000US22033001103","Louisiana (LA)",26,"Louisiana (LA)","Louisiana (LA)",13.0006204285753
"27",22,0.606372221482056,0.114552428079889,1.09819201488422,11.2291152126307,2.12134126073869,20.3368891645227,2113,5.4,"1400000US22033000601","Louisiana (LA)",27,"Louisiana (LA)","Louisiana (LA)",12.8126450399159
"28",22,0.606372221482056,0.114552428079889,1.09819201488422,11.2291152126307,2.12134126073869,20.3368891645227,3636,5.4,"1400000US22033003300","Louisiana (LA)",28,"Louisiana (LA)","Louisiana (LA)",22.0476939730876
"29",22,0.313744830992437,0.0592709080568621,0.568218753928012,10.8187872756013,2.04382441575386,19.5937501354487,2823,2.9,"1400000US22019000500","Louisiana (LA)",29,"Louisiana (LA)","Louisiana (LA)",8.8570165789165
"30",22,0.606372221482056,0.114552428079889,1.09819201488422,10.4546934738286,1.97504186344637,18.9343450842108,1935,5.8,"1400000US22033000400","Louisiana (LA)",30,"Louisiana (LA)","Louisiana (LA)",11.7333024856778
"31",22,0.606372221482056,0.114552428079889,1.09819201488422,10.1062036913676,1.90920713466482,18.3032002480704,1153,6,"1400000US22033000300","Louisiana (LA)",31,"Louisiana (LA)","Louisiana (LA)",6.99147171368811
"32",22,0.606372221482056,0.114552428079889,1.09819201488422,9.94052822101732,1.87790865704737,18.0031477849873,3665,6.1,"1400000US22033000602","Louisiana (LA)",32,"Louisiana (LA)","Louisiana (LA)",22.2235419173174
"33",22,0.606372221482056,0.114552428079889,1.09819201488422,9.94052822101732,1.87790865704737,18.0031477849873,1595,6.1,"1400000US22033000701","Louisiana (LA)",33,"Louisiana (LA)","Louisiana (LA)",9.6716369326388
"34",22,0.606372221482056,0.114552428079889,1.09819201488422,9.78019712067833,1.84761980774015,17.7127744336165,4853,6.2,"1400000US22033003400","Louisiana (LA)",34,"Louisiana (LA)","Louisiana (LA)",29.4272439085242
"35",22,0.313744830992437,0.0592709080568621,0.568218753928012,9.50741912098294,1.79608812293521,17.2187501190307,2859,3.3,"1400000US22019002500","Louisiana (LA)",35,"Louisiana (LA)","Louisiana (LA)",8.96996471807378
"36",22,0.606372221482056,0.114552428079889,1.09819201488422,9.05033166391129,1.70973773253566,16.3909255952869,4328,6.7,"1400000US22033000200","Louisiana (LA)",36,"Louisiana (LA)","Louisiana (LA)",26.2437897457434
"37",22,0.581941638911461,0.109937139889365,1.05394613793356,8.43393679581827,1.59329188245457,15.274581709182,2894,6.9,"1400000US22033000500","Louisiana (LA)",37,"Louisiana (LA)","Louisiana (LA)",16.8413910300977
"38",22,0.264714820898129,0.0500084344373468,0.479421207358912,8.27233815306655,1.56276357616709,14.981912729966,2263,3.2,"1400000US22089062500","Louisiana (LA)",38,"Louisiana (LA)","Louisiana (LA)",5.99049639692467
"39",22,0.606372221482056,0.114552428079889,1.09819201488422,8.19421920921698,1.54800578486337,14.8404326335706,3206,7.4,"1400000US22033000900","Louisiana (LA)",39,"Louisiana (LA)","Louisiana (LA)",19.4402934207147
"40",22,0.606372221482056,0.114552428079889,1.09819201488422,7.97858186160601,1.50726879052486,14.4498949326872,978,7.6,"1400000US22033000100","Louisiana (LA)",40,"Louisiana (LA)","Louisiana (LA)",5.93032032609451
"41",22,0.606372221482056,0.114552428079889,1.09819201488422,7.97858186160601,1.50726879052486,14.4498949326872,2552,7.6,"1400000US22033001000","Louisiana (LA)",41,"Louisiana (LA)","Louisiana (LA)",15.4746190922221
"42",22,0.313744830992437,0.0592709080568621,0.568218753928012,7.84362077481093,1.48177270142155,14.2054688482003,3630,4,"1400000US22019002600","Louisiana (LA)",42,"Louisiana (LA)","Louisiana (LA)",11.3889373650255
"43",22,0.231255094995527,0.0436874112947256,0.418822778696329,7.45984177404926,1.40927133208792,13.5104122160106,3262,3.1,"1400000US22071000618","Louisiana (LA)",43,"Louisiana (LA)","Louisiana (LA)",7.54354119875409
"44",22,0.231255094995527,0.0436874112947256,0.418822778696329,7.22672171861022,1.36523160296018,13.0882118342603,1147,3.2,"1400000US22087030300","Louisiana (LA)",44,"Louisiana (LA)","Louisiana (LA)",2.6524959395987
"45",22,0.222910314176459,0.042110962257726,0.403709666095192,7.19065529601481,1.358418137346,13.0228924546836,1358,3.1,"1400000US22087030400","Louisiana (LA)",45,"Louisiana (LA)","Louisiana (LA)",3.02712206651632
"46",22,0.231255094995527,0.0436874112947256,0.418822778696329,7.00773015137961,1.32386094832502,12.6915993544342,3702,3.3,"1400000US22071000617","Louisiana (LA)",46,"Louisiana (LA)","Louisiana (LA)",8.56106361673441
"47",22,0.231255094995527,0.0436874112947256,0.418822778696329,7.00773015137961,1.32386094832502,12.6915993544342,1236,3.3,"1400000US22087030500","Louisiana (LA)",47,"Louisiana (LA)","Louisiana (LA)",2.85831297414471
"48",22,0.35542117969522,0.0671441693446885,0.643698190045752,6.96904273912197,1.31655234009193,12.621533138152,2596,5.1,"1400000US22033005100","Louisiana (LA)",48,"Louisiana (LA)","Louisiana (LA)",9.22673382488792
"49",22,0.150838861054473,0.02849562887357,0.273182093235375,6.85631186611239,1.29525585788955,12.4173678743352,2403,2.2,"1400000US22087030208","Louisiana (LA)",49,"Louisiana (LA)","Louisiana (LA)",3.62465783113898
"50",22,0.210005915912003,0.0396731359495051,0.380338695874501,6.5626848722501,1.23978549842203,11.8855842460782,1118,3.2,"1400000US22087030601","Louisiana (LA)",50,"Louisiana (LA)","Louisiana (LA)",2.3478661398962
"51",22,0.231255094995527,0.0436874112947256,0.418822778696329,6.42375263876464,1.21353920263127,11.633966074898,3860,3.6,"1400000US22071000606","Louisiana (LA)",51,"Louisiana (LA)","Louisiana (LA)",8.92644666682735
"52",22,0.231255094995527,0.0436874112947256,0.418822778696329,6.42375263876464,1.21353920263127,11.633966074898,3353,3.6,"1400000US22071000615","Louisiana (LA)",52,"Louisiana (LA)","Louisiana (LA)",7.75398333520002
"53",22,0.231255094995527,0.0436874112947256,0.418822778696329,6.42375263876464,1.21353920263127,11.633966074898,3257,3.6,"1400000US22071000616","Louisiana (LA)",53,"Louisiana (LA)","Louisiana (LA)",7.53197844400432
"54",22,0.173309095429039,0.032740579113605,0.313877611744474,6.41885538626072,1.21261404124463,11.6250967312768,2737,2.7,"1400000US22087030207","Louisiana (LA)",54,"Louisiana (LA)","Louisiana (LA)",4.74346994189281
"55",22,0.159488850479501,0.030129736203026,0.288847964755976,6.37955401918004,1.20518944812104,11.553918590239,1795,2.5,"1400000US22087030206","Louisiana (LA)",55,"Louisiana (LA)","Louisiana (LA)",2.86282486610704
"56",22,0.231255094995527,0.0436874112947256,0.418822778696329,6.25013770258181,1.1807408458034,11.3195345593602,3584,3.7,"1400000US22071000607","Louisiana (LA)",56,"Louisiana (LA)","Louisiana (LA)",8.28818260463969
"57",22,0.207694260261018,0.0392364309714015,0.376152089550635,6.10865471355935,1.15401267562945,11.0632967514893,917,3.4,"1400000US22087030603","Louisiana (LA)",57,"Louisiana (LA)","Louisiana (LA)",1.90455636659353
"58",22,0.259442841016723,0.0490124816631129,0.469873200370334,6.03355444224938,1.13982515495611,10.9272837295426,3769,4.3,"1400000US22089062700","Louisiana (LA)",58,"Louisiana (LA)","Louisiana (LA)",9.7784006779203
"59",22,0.221741935247718,0.0418902386848725,0.401593631810564,5.83531408546627,1.10237470223349,10.568253468699,1538,3.8,"1400000US22087030700","Louisiana (LA)",59,"Louisiana (LA)","Louisiana (LA)",3.41039096410991
"60",22,0.150838861054473,0.02849562887357,0.273182093235375,5.80149465594125,1.09598572590654,10.507003585976,1424,2.6,"1400000US22071000612","Louisiana (LA)",60,"Louisiana (LA)","Louisiana (LA)",2.14794538141569
"61",22,0.22005789908435,0.0415721000488105,0.398543698119889,5.790997344325,1.09400263286343,10.4879920557866,2159,3.8,"1400000US22087030602","Louisiana (LA)",61,"Louisiana (LA)","Louisiana (LA)",4.75105004123111
"62",22,0.38358756835003,0.0724652049995939,0.694709931700466,5.4026418077469,1.02063669013513,9.78464692535867,2348,7.1,"1400000US22033005300","Louisiana (LA)",62,"Louisiana (LA)","Louisiana (LA)",9.0066361048587
"63",22,0.201529853425554,0.0380718859186139,0.364987820932493,5.3034171954093,1.00189173470037,9.60494265611824,3409,3.8,"1400000US22087030800","Louisiana (LA)",63,"Louisiana (LA)","Louisiana (LA)",6.87015270327712
"64",22,0.160721643032898,0.0303626284354,0.291080657630397,5.1845691300935,0.979439626948386,9.38969863323861,2683,3.1,"1400000US22087030209","Louisiana (LA)",64,"Louisiana (LA)","Louisiana (LA)",4.31216168257266
"65",22,0.176785902626738,0.0333973979657098,0.320174407287767,4.20918815777948,0.795176142040709,7.62320017351826,2936,4.2,"1400000US22087030203","Louisiana (LA)",65,"Louisiana (LA)","Louisiana (LA)",5.19043410112104
"66",22,0.231255094995527,0.0436874112947256,0.418822778696329,3.98715681026771,0.753231229219408,7.22108239131601,3211,5.8,"1400000US22071000604","Louisiana (LA)",66,"Louisiana (LA)","Louisiana (LA)",7.42560110030638
"67",22,0.313744830992437,0.0592709080568621,0.568218753928012,3.92181038740546,0.740886350710776,7.10273442410015,1181,8,"1400000US22019000200","Louisiana (LA)",67,"Louisiana (LA)","Louisiana (LA)",3.70532645402068
"68",22,0.231255094995527,0.0436874112947256,0.418822778696329,3.72992088702463,0.704635666043962,6.7552061080053,695,6.2,"1400000US22071000901","Louisiana (LA)",68,"Louisiana (LA)","Louisiana (LA)",1.60722291021891
"69",22,0.217079775983496,0.0410094897902308,0.393150062176762,3.61799626639161,0.683491496503846,6.55250103627937,3809,6,"1400000US22071000611","Louisiana (LA)",69,"Louisiana (LA)","Louisiana (LA)",8.26856866721138
"70",22,0.231255094995527,0.0436874112947256,0.418822778696329,3.61336085930511,0.682615801480088,6.54410591713013,1356,6.4,"1400000US22071000702","Louisiana (LA)",70,"Louisiana (LA)","Louisiana (LA)",3.13581908813935
"71",22,0.150838861054473,0.02849562887357,0.273182093235375,3.27910567509723,0.619470192903696,5.93874115729077,3027,4.6,"1400000US22087030204","Louisiana (LA)",71,"Louisiana (LA)","Louisiana (LA)",4.56589232411889
"72",22,0.0687825206402333,0.0129940067662334,0.124571034514233,2.6454815630859,0.499769491008977,4.79119363516282,2204,2.6,"1400000US22017022600","Louisiana (LA)",72,"Louisiana (LA)","Louisiana (LA)",1.51596675491074
"73",22,0.0543019899757139,0.0102584263937491,0.0983455535576786,2.58580904646256,0.488496494940436,4.68312159798469,4672,2.1,"1400000US22089062301","Louisiana (LA)",73,"Louisiana (LA)","Louisiana (LA)",2.53698897166535
"74",22,0.0687825206402333,0.0129940067662334,0.124571034514233,2.45651859429405,0.464071670222622,4.44896551836547,2824,2.8,"1400000US22017021600","Louisiana (LA)",74,"Louisiana (LA)","Louisiana (LA)",1.94241838288019
"75",22,0.0905033166370127,0.0170973773249598,0.163909255949065,2.3205978624875,0.438394290383586,4.20280143459142,3135,3.9,"1400000US22121020200","Louisiana (LA)",75,"Louisiana (LA)","Louisiana (LA)",2.83727897657035
"76",22,0.0905033166370127,0.0170973773249598,0.163909255949065,2.26258291592532,0.427434433123996,4.09773139872664,3805,4,"1400000US22033003000","Louisiana (LA)",76,"Louisiana (LA)","Louisiana (LA)",3.44365119803833
"77",22,0.0543019899757139,0.0102584263937491,0.0983455535576786,1.8100663325238,0.341947546458305,3.27818511858929,3858,3,"1400000US22089062100","Louisiana (LA)",77,"Louisiana (LA)","Louisiana (LA)",2.09497077326304
"78",22,0.0905033166370127,0.0170973773249598,0.163909255949065,1.74044839686563,0.328795717787689,3.15210107594357,3245,5.2,"1400000US22121020100","Louisiana (LA)",78,"Louisiana (LA)","Louisiana (LA)",2.93683262487106
"79",22,0.0687825206402333,0.0129940067662334,0.124571034514233,1.67762245463984,0.316926994298376,3.0383179149813,1390,4.1,"1400000US22017021000","Louisiana (LA)",79,"Louisiana (LA)","Louisiana (LA)",0.956077036899243
"80",22,0.0905033166370127,0.0170973773249598,0.163909255949065,1.58777748485987,0.29995398815719,2.87560098156255,1495,5.7,"1400000US22033005200","Louisiana (LA)",80,"Louisiana (LA)","Louisiana (LA)",1.35302458372334
"81",22,0.0543019899757139,0.0102584263937491,0.0983455535576786,1.46762135069497,0.277254767398626,2.65798793399131,1050,3.7,"1400000US22089063000","Louisiana (LA)",81,"Louisiana (LA)","Louisiana (LA)",0.570170894744995
"82",22,0.0543019899757139,0.0102584263937491,0.0983455535576786,1.35754974939285,0.256460659843729,2.45863883894196,2096,4,"1400000US22089062900","Louisiana (LA)",82,"Louisiana (LA)","Louisiana (LA)",1.13816970989096
"83",22,0.0687825206402333,0.0129940067662334,0.124571034514233,1.32274078154295,0.249884745504489,2.39559681758141,4464,5.2,"1400000US22017023400","Louisiana (LA)",83,"Louisiana (LA)","Louisiana (LA)",3.07045172138001
"84",22,0.0687825206402333,0.0129940067662334,0.124571034514233,1.14637534400389,0.216566779437224,2.07618390857055,3851,6,"1400000US22017022200","Louisiana (LA)",84,"Louisiana (LA)","Louisiana (LA)",2.64881486985538
"85",22,0.0687825206402333,0.0129940067662334,0.124571034514233,1.1275823055776,0.213016504364482,2.04214810679071,4750,6.1,"1400000US22017023700","Louisiana (LA)",85,"Louisiana (LA)","Louisiana (LA)",3.26716973041108
"86",22,0.0687825206402333,0.0129940067662334,0.124571034514233,1.10939549419731,0.209580754294087,2.00921023410054,1173,6.2,"1400000US22017023200","Louisiana (LA)",86,"Louisiana (LA)","Louisiana (LA)",0.806818967109937
"87",22,0.0543019899757139,0.0102584263937491,0.0983455535576786,1.08603979951428,0.205168527874983,1.96691107115357,1917,5,"1400000US22089062200","Louisiana (LA)",87,"Louisiana (LA)","Louisiana (LA)",1.04096914783443
"88",22,0.0687825206402333,0.0129940067662334,0.124571034514233,1.07472688500365,0.203031355722397,1.94642241428489,2238,6.4,"1400000US22017022400","Louisiana (LA)",88,"Louisiana (LA)","Louisiana (LA)",1.53935281192842
"89",22,0.0687825206402333,0.0129940067662334,0.124571034514233,1.0421594036399,0.196878890397476,1.88743991688232,913,6.6,"1400000US22017021800","Louisiana (LA)",89,"Louisiana (LA)","Louisiana (LA)",0.62798441344533
"90",22,0.0687825206402333,0.0129940067662334,0.124571034514233,1.0421594036399,0.196878890397476,1.88743991688232,3609,6.6,"1400000US22017022500","Louisiana (LA)",90,"Louisiana (LA)","Louisiana (LA)",2.48236116990602
"91",22,0.0687825206402333,0.0129940067662334,0.124571034514233,1.02660478567512,0.193940399496021,1.85926917185423,4697,6.7,"1400000US22017022100","Louisiana (LA)",91,"Louisiana (LA)","Louisiana (LA)",3.23071499447176
"92",22,0.0687825206402333,0.0129940067662334,0.124571034514233,1.01150765647402,0.19108833479755,1.83192697815049,1315,6.8,"1400000US22017022000","Louisiana (LA)",92,"Louisiana (LA)","Louisiana (LA)",0.904490146419068
"93",22,0.0687825206402333,0.0129940067662334,0.124571034514233,0.917100275203111,0.173253423549779,1.66094712685644,1058,7.5,"1400000US22017021900","Louisiana (LA)",93,"Louisiana (LA)","Louisiana (LA)",0.727719068373668
"94",22,0.0687825206402333,0.0129940067662334,0.124571034514233,0.905033166318859,0.170973773239913,1.63909255939781,1736,7.6,"1400000US22017023300","Louisiana (LA)",94,"Louisiana (LA)","Louisiana (LA)",1.19406455831445
"95",22,0.0687825206402333,0.0129940067662334,0.124571034514233,0.893279488834199,0.168753334626408,1.61780564304199,1800,7.7,"1400000US22017022300","Louisiana (LA)",95,"Louisiana (LA)","Louisiana (LA)",1.2380853715242
"96",22,0.0687825206402333,0.0129940067662334,0.124571034514233,0.731728942981205,0.138234114534398,1.32522377142801,687,9.4,"1400000US22017020700","Louisiana (LA)",96,"Louisiana (LA)","Louisiana (LA)",0.472535916798403
"97",22,0.0687825206402333,0.0129940067662334,0.124571034514233,0.731728942981205,0.138234114534398,1.32522377142801,1221,9.4,"1400000US22017021700","Louisiana (LA)",97,"Louisiana (LA)","Louisiana (LA)",0.839834577017249
"98",22,0.0687825206402333,0.0129940067662334,0.124571034514233,0.724026533055087,0.136779018591931,1.31127404751824,2508,9.5,"1400000US22017023500","Louisiana (LA)",98,"Louisiana (LA)","Louisiana (LA)",1.72506561765705
"99",22,0.0687825206402333,0.0129940067662334,0.124571034514233,0.701862455512585,0.132591905777892,1.27113300524728,2119,9.8,"1400000US22017023600","Louisiana (LA)",99,"Louisiana (LA)","Louisiana (LA)",1.45750161236654
"100",22,0.0687825206402333,0.0129940067662334,0.124571034514233,0.674338437649346,0.127392223198367,1.22128465210033,713,10.2,"1400000US22017025200","Louisiana (LA)",100,"Louisiana (LA)","Louisiana (LA)",0.490419372164864
"101",22,0.0100157003739477,0.00189210975719197,0.0181392909907035,0.250392509348693,0.0473027439297992,0.453482274767587,5645,4,"1400000US22015011106","Louisiana (LA)",101,"Louisiana (LA)","Louisiana (LA)",0.565386286109349
"102",28,0.402361597223653,0.07601188889461,0.728711305552696,14.9022813786538,2.81525514424481,26.9893076130628,1861,2.7,"1400000US28059042600","Mississippi (MS)",102,"Mississippi (MS)","Mississippi (MS)",7.48794932433218
"103",28,0.402361597223653,0.07601188889461,0.728711305552696,10.3169640313757,1.94902279216949,18.684905270582,3242,3.9,"1400000US28059042000","Mississippi (MS)",103,"Mississippi (MS)","Mississippi (MS)",13.0445629819908
"104",28,0.402361597223653,0.07601188889461,0.728711305552696,9.3572464470617,1.76771834638628,16.9467745477371,2188,4.3,"1400000US28059042100","Mississippi (MS)",104,"Mississippi (MS)","Mississippi (MS)",8.80367174725353
"105",35,0.121425708992909,0.0229390616912872,0.21991235629453,3.67956693917905,0.695123081554156,6.66401079680395,4542,3.3,"1400000US35015001100","New Mexico (NM)",105,"New Mexico (NM)","New Mexico (NM)",5.51515570245791
"106",35,0.121425708992909,0.0229390616912872,0.21991235629453,3.37293636091413,0.63719615809131,6.10867656373695,4546,3.6,"1400000US35015001000","New Mexico (NM)",106,"New Mexico (NM)","New Mexico (NM)",5.52001273081763
"107",40,0.260414055811989,0.0491959580972953,0.471632153526683,6.85300146873655,1.29463047624461,12.4113724612285,2406,3.8,"1400000US40071000201","Oklahoma (OK)",107,"Oklahoma (OK)","Oklahoma (OK)",6.26556218283646
"108",40,0.260414055811989,0.0491959580972953,0.471632153526683,6.20033466219021,1.17133233564989,11.2293369887305,2714,4.2,"1400000US40071000600","Oklahoma (OK)",108,"Oklahoma (OK)","Oklahoma (OK)",7.06763747473738
"109",40,0.260414055811989,0.0491959580972953,0.471632153526683,5.66117512634759,1.0694773499412,10.252872902754,2855,4.6,"1400000US40071000500","Oklahoma (OK)",109,"Oklahoma (OK)","Oklahoma (OK)",7.43482129343229
"110",40,0.260414055811989,0.0491959580972953,0.471632153526683,5.54072459174445,1.04672251270841,10.0347266707805,1628,4.7,"1400000US40071000400","Oklahoma (OK)",110,"Oklahoma (OK)","Oklahoma (OK)",4.23954082861918
"111",40,0.081076976174646,0.015316606125988,0.146837346223304,3.37820734061025,0.638191921916168,6.11822275930433,1268,2.4,"1400000US40143003200","Oklahoma (OK)",111,"Oklahoma (OK)","Oklahoma (OK)",1.02805605789451
"112",40,0.111978043999696,0.0211542619819392,0.202801826017453,3.02643362161341,0.571736810322681,5.48113043290414,1820,3.7,"1400000US40019892900","Oklahoma (OK)",112,"Oklahoma (OK)","Oklahoma (OK)",2.03800040079447
"113",40,0.091621203952834,0.0173085623064124,0.165933845599256,2.95552270815593,0.558340719561691,5.35270469675018,3460,3.1,"1400000US40143002500","Oklahoma (OK)",113,"Oklahoma (OK)","Oklahoma (OK)",3.17009365676806
"114",40,0.06767334391286,0.0127844673401367,0.122562220485583,2.94231930055913,0.555846406092901,5.32879219502536,1900,2.3,"1400000US40143004400","Oklahoma (OK)",114,"Oklahoma (OK)","Oklahoma (OK)",1.28579353434434
"115",40,0.0873362492288194,0.0164990727710103,0.158173425686629,2.81729836221998,0.532228153903558,5.1023685705364,2015,3.1,"1400000US40143003100","Oklahoma (OK)",115,"Oklahoma (OK)","Oklahoma (OK)",1.75982542196071
"116",40,0.0713326713515484,0.0134757668891441,0.129189575813953,2.74356428275186,0.518298726505541,4.96882983899818,2093,2.6,"1400000US40143004500","Oklahoma (OK)",116,"Oklahoma (OK)","Oklahoma (OK)",1.49299281138791
"117",40,0.103882063061936,0.0196248148185415,0.188139311305331,2.7337385016299,0.516442495224776,4.95103450803503,2148,3.8,"1400000US40143002700","Oklahoma (OK)",117,"Oklahoma (OK)","Oklahoma (OK)",2.23138671457039
"118",40,0.111978043999696,0.0211542619819392,0.202801826017453,2.73117180487064,0.51595760931559,4.94638600042569,4691,4.1,"1400000US40019892600","Oklahoma (OK)",118,"Oklahoma (OK)","Oklahoma (OK)",5.25289004402575
"119",40,0.111978043999696,0.0211542619819392,0.202801826017453,2.66614390475467,0.503672904331886,4.82861490517746,1969,4.2,"1400000US40019893100","Oklahoma (OK)",119,"Oklahoma (OK)","Oklahoma (OK)",2.20484768635402
"120",40,0.0617589582510595,0.0116671548806309,0.111850761621488,2.57328992712748,0.486131453359621,4.66044840089534,1599,2.4,"1400000US40143003300","Oklahoma (OK)",120,"Oklahoma (OK)","Oklahoma (OK)",0.987525742434441
"121",40,0.0617589582510595,0.0116671548806309,0.111850761621488,2.57328992712748,0.486131453359621,4.66044840089534,2637,2.4,"1400000US40143004302","Oklahoma (OK)",121,"Oklahoma (OK)","Oklahoma (OK)",1.62858372908044
"122",40,0.110675973724154,0.0209082821921172,0.20044366525619,2.51536303918531,0.475188231639028,4.5555378467316,2254,4.4,"1400000US40143002900","Oklahoma (OK)",122,"Oklahoma (OK)","Oklahoma (OK)",2.49463644774243
"123",40,0.110675973724154,0.0209082821921172,0.20044366525619,2.40599942878595,0.454527873741679,4.35747098383023,1570,4.6,"1400000US40143008800","Oklahoma (OK)",123,"Oklahoma (OK)","Oklahoma (OK)",1.73761278746921
"124",40,0.0929367119964446,0.0175570806837647,0.168316343309124,2.38299261529345,0.450181555993967,4.31580367459294,2228,3.9,"1400000US40143006600","Oklahoma (OK)",124,"Oklahoma (OK)","Oklahoma (OK)",2.07062994328079
"125",40,0.0617589582510595,0.0116671548806309,0.111850761621488,2.37534454811767,0.448736726178112,4.30195237005723,2341,2.6,"1400000US40143004200","Oklahoma (OK)",125,"Oklahoma (OK)","Oklahoma (OK)",1.4457772126573
"126",40,0.0617589582510595,0.0116671548806309,0.111850761621488,2.37534454811767,0.448736726178112,4.30195237005723,1652,2.6,"1400000US40143004301","Oklahoma (OK)",126,"Oklahoma (OK)","Oklahoma (OK)",1.0202579903075
"127",40,0.0617589582510595,0.0116671548806309,0.111850761621488,2.28736882411331,0.432116847430774,4.14262080079586,1822,2.7,"1400000US40143003400","Oklahoma (OK)",127,"Oklahoma (OK)","Oklahoma (OK)",1.1252482193343
"128",40,0.110675973724154,0.0209082821921172,0.20044366525619,2.21351947448308,0.418165643842345,4.00887330512381,1108,5,"1400000US40143000900","Oklahoma (OK)",128,"Oklahoma (OK)","Oklahoma (OK)",1.22628978886362
"129",40,0.0617589582510595,0.0116671548806309,0.111850761621488,2.20567708039498,0.416684102879675,3.99467005791029,1808,2.8,"1400000US40143004101","Oklahoma (OK)",129,"Oklahoma (OK)","Oklahoma (OK)",1.11660196517916
"130",40,0.0855428277757919,0.0161602696815272,0.154925385870057,2.1385706943948,0.404006742038179,3.87313464675142,2147,4,"1400000US40143004600","Oklahoma (OK)",130,"Oklahoma (OK)","Oklahoma (OK)",1.83660451234625
"131",40,0.0617589582510595,0.0116671548806309,0.111850761621488,2.12961925003653,0.402315685538997,3.85692281453407,1629,2.9,"1400000US40143005001","Oklahoma (OK)",131,"Oklahoma (OK)","Oklahoma (OK)",1.00605342990976
"132",40,0.111978043999696,0.0211542619819392,0.202801826017453,1.96452708771397,0.371127403191916,3.55792677223602,3710,5.7,"1400000US40019892800","Oklahoma (OK)",132,"Oklahoma (OK)","Oklahoma (OK)",4.15438543238873
"133",40,0.081814960331023,0.0154560219402396,0.148173898721806,1.94797524597674,0.368000522386658,3.52794996956682,1388,4.2,"1400000US40143004700","Oklahoma (OK)",133,"Oklahoma (OK)","Oklahoma (OK)",1.1355916493946
"134",40,0.110675973724154,0.0209082821921172,0.20044366525619,1.94168374954656,0.366811968282758,3.51655553081036,4099,5.7,"1400000US40113940006","Oklahoma (OK)",134,"Oklahoma (OK)","Oklahoma (OK)",4.53660816295306
"135",40,0.105239443273683,0.0198812434502871,0.190597643097079,1.91344442315788,0.361477153641584,3.46541169267417,1399,5.5,"1400000US40143003000","Oklahoma (OK)",135,"Oklahoma (OK)","Oklahoma (OK)",1.47229981139883
"136",40,0.091144919536902,0.0172185853345645,0.165071253739239,1.89885249035212,0.358720527803428,3.43898445290082,1819,4.8,"1400000US40049681500","Oklahoma (OK)",136,"Oklahoma (OK)","Oklahoma (OK)",1.65792608637625
"137",40,0.0617589582510595,0.0116671548806309,0.111850761621488,1.81643994856057,0.343151614136203,3.28972828298494,2761,3.4,"1400000US40143005002","Oklahoma (OK)",137,"Oklahoma (OK)","Oklahoma (OK)",1.70516483731175
"138",40,0.0753883115261035,0.0142419356101949,0.136534687442012,1.75321654711869,0.331207804888252,3.17522528934912,3226,4.3,"1400000US40143004800","Oklahoma (OK)",138,"Oklahoma (OK)","Oklahoma (OK)",2.4320269298321
"139",40,0.0617589582510595,0.0116671548806309,0.111850761621488,1.66916103381242,0.315328510287322,3.02299355733752,1872,3.7,"1400000US40143006801","Oklahoma (OK)",139,"Oklahoma (OK)","Oklahoma (OK)",1.15612769845983
"140",40,0.0617589582510595,0.0116671548806309,0.111850761621488,1.62523574344893,0.30703039159555,2.94344109530232,2136,3.8,"1400000US40143006804","Oklahoma (OK)",140,"Oklahoma (OK)","Oklahoma (OK)",1.31917134824263
"141",40,0.110675973724154,0.0209082821921172,0.20044366525619,1.55881653132611,0.294482847776299,2.82315021487592,1120,7.1,"1400000US40143001000","Oklahoma (OK)",141,"Oklahoma (OK)","Oklahoma (OK)",1.23957090571052
"142",40,0.0617589582510595,0.0116671548806309,0.111850761621488,1.47045138692999,0.277789401919783,2.66311337194019,1875,4.2,"1400000US40143002301","Oklahoma (OK)",142,"Oklahoma (OK)","Oklahoma (OK)",1.15798046720737
"143",40,0.0617589582510595,0.0116671548806309,0.111850761621488,1.37242129446799,0.259270108458464,2.48557248047751,1960,4.5,"1400000US40143006701","Oklahoma (OK)",143,"Oklahoma (OK)","Oklahoma (OK)",1.21047558172077
"144",40,0.0643466331394413,0.0121560038599278,0.116537262418955,1.31319659468247,0.248081711427098,2.37831147793785,1419,4.9,"1400000US40143004900","Oklahoma (OK)",144,"Oklahoma (OK)","Oklahoma (OK)",0.913078724248671
"145",48,0.676361453066919,0.127774399887727,1.22494850624611,23.3228087264455,4.40601378923196,42.239603663659,5809,2.9,"1400000US48201253800","Texas (TX)",145,"Texas (TX)","Texas (TX)",39.2898368086573
"146",48,0.676361453066919,0.127774399887727,1.22494850624611,22.5453817688973,4.25914666292423,40.8316168748703,7478,3,"1400000US48201253200","Texas (TX)",146,"Texas (TX)","Texas (TX)",50.5783094603442
"147",48,0.147218728393754,0.0278117337814712,0.266625723006037,21.0312469133934,3.97310482592446,38.0893890008624,2057,0.7,"1400000US48141010103","Texas (TX)",147,"Texas (TX)","Texas (TX)",3.02828924305952
"148",48,0.676361453066919,0.127774399887727,1.22494850624611,20.4958016080884,3.8719515117493,37.1196517044276,6696,3.3,"1400000US48201253500","Texas (TX)",148,"Texas (TX)","Texas (TX)",45.2891628973609
"149",48,0.676361453066919,0.127774399887727,1.22494850624611,19.8929839137329,3.75807058493315,36.0278972425327,2747,3.4,"1400000US48201254000","Texas (TX)",149,"Texas (TX)","Texas (TX)",18.5796491157483
"150",48,0.676361453066919,0.127774399887727,1.22494850624611,19.8929839137329,3.75807058493315,36.0278972425327,3573,3.4,"1400000US48201254300","Texas (TX)",150,"Texas (TX)","Texas (TX)",24.166394718081
"151",48,0.676361453066919,0.127774399887727,1.22494850624611,19.3246129447691,3.65069713964934,34.9985287498889,4304,3.5,"1400000US48201253700","Texas (TX)",151,"Texas (TX)","Texas (TX)",29.1105969400002
"152",48,0.374063068786623,0.0706658901355862,0.67746024743766,17.8125270850773,3.36504238740887,32.2600117827457,2336,2.1,"1400000US48201342400","Texas (TX)",152,"Texas (TX)","Texas (TX)",8.73811328685552
"153",48,0.374063068786623,0.0706658901355862,0.67746024743766,17.8125270850773,3.36504238740887,32.2600117827457,6542,2.1,"1400000US48201342800","Texas (TX)",153,"Texas (TX)","Texas (TX)",24.4712059600209
"154",48,0.676361453066919,0.127774399887727,1.22494850624611,17.7989856070242,3.36248420757176,32.2354870064766,3113,3.8,"1400000US48201253900","Texas (TX)",154,"Texas (TX)","Texas (TX)",21.0551320339732
"155",48,0.676361453066919,0.127774399887727,1.22494850624611,17.7989856070242,3.36248420757176,32.2354870064766,1881,3.8,"1400000US48201254200","Texas (TX)",155,"Texas (TX)","Texas (TX)",12.7223589321887
"156",48,0.423172769418231,0.0799434184429966,0.766402120393465,16.9269107767292,3.19773673771986,30.6560848157386,5157,2.5,"1400000US48245002600","Texas (TX)",156,"Texas (TX)","Texas (TX)",21.8230197188982
"157",48,0.727646665778466,0.137462913695867,1.31783041786107,16.5374242222379,3.12415712945152,29.9506913150242,1941,4.4,"1400000US48245006700","Texas (TX)",157,"Texas (TX)","Texas (TX)",14.12362178276
"158",48,0.727646665778466,0.137462913695867,1.31783041786107,16.5374242222379,3.12415712945152,29.9506913150242,2077,4.4,"1400000US48245010300","Texas (TX)",158,"Texas (TX)","Texas (TX)",15.1132212482187
"159",48,0.676361453066919,0.127774399887727,1.22494850624611,16.4966208065102,3.11644877774944,29.876792835271,3598,4.1,"1400000US48201254100","Texas (TX)",159,"Texas (TX)","Texas (TX)",24.3354850813477
"160",48,0.676361453066919,0.127774399887727,1.22494850624611,16.4966208065102,3.11644877774944,29.876792835271,1408,4.1,"1400000US48201254500","Texas (TX)",160,"Texas (TX)","Texas (TX)",9.52316925918222
"161",48,0.550568103809381,0.104010228173969,0.997125979444794,16.1931795238053,3.05912435805791,29.3272346895527,3785,3.4,"1400000US48167723800","Texas (TX)",161,"Texas (TX)","Texas (TX)",20.8390027291851
"162",48,0.676361453066919,0.127774399887727,1.22494850624611,15.3718512060663,2.90396363381198,27.8397387783207,5542,4.4,"1400000US48201253600","Texas (TX)",162,"Texas (TX)","Texas (TX)",37.4839517289686
"163",48,0.676361453066919,0.127774399887727,1.22494850624611,15.0302545125982,2.83943110861615,27.2210779165802,2122,4.5,"1400000US48201254400","Texas (TX)",163,"Texas (TX)","Texas (TX)",14.35239003408
"164",48,0.727646665778466,0.137462913695867,1.31783041786107,13.9932051111244,2.64351757107436,25.3428926511743,1604,5.2,"1400000US48245006800","Texas (TX)",164,"Texas (TX)","Texas (TX)",11.6714525190866
"165",48,0.727646665778466,0.137462913695867,1.31783041786107,13.7291823731786,2.59363988105409,24.8647248653031,2260,5.3,"1400000US48245005500","Texas (TX)",165,"Texas (TX)","Texas (TX)",16.4448146465933
"166",48,0.550568103809381,0.104010228173969,0.997125979444794,13.1087643764138,2.47643400414212,23.7410947486856,1918,4.2,"1400000US48167722600","Texas (TX)",166,"Texas (TX)","Texas (TX)",10.5598962310639
"167",48,0.727646665778466,0.137462913695867,1.31783041786107,12.5456321685943,2.37005023613564,22.7212141010529,1377,5.8,"1400000US48245006400","Texas (TX)",167,"Texas (TX)","Texas (TX)",10.0196945877695
"168",48,0.374063068786623,0.0706658901355862,0.67746024743766,12.4687689595541,2.35552967118621,22.582008247922,3988,3,"1400000US48201342700","Texas (TX)",168,"Texas (TX)","Texas (TX)",14.9176351832105
"169",48,0.727646665778466,0.137462913695867,1.31783041786107,12.1274444296411,2.29104856159778,21.9638402976844,2464,6,"1400000US48245006900","Texas (TX)",169,"Texas (TX)","Texas (TX)",17.9292138447814
"170",48,0.374063068786623,0.0706658901355862,0.67746024743766,12.0665506060201,2.27954484308342,21.8535563689568,4526,3.1,"1400000US48201342500","Texas (TX)",170,"Texas (TX)","Texas (TX)",16.9300944932826
"171",48,0.285679540894722,0.0539689713724903,0.517390110416954,11.9033142039468,2.24870714052043,21.5579212673731,1926,2.4,"1400000US48201320601","Texas (TX)",171,"Texas (TX)","Texas (TX)",5.50218795763235
"172",48,0.354757331853395,0.0670187589458236,0.642495904760967,11.8252443951132,2.23395863152745,21.4165301586989,3278,3,"1400000US48355003603","Texas (TX)",172,"Texas (TX)","Texas (TX)",11.6289453381543
"173",48,0.550568103809381,0.104010228173969,0.997125979444794,11.7142149746677,2.21298357816955,21.2154463711658,1973,4.7,"1400000US48167722900","Texas (TX)",173,"Texas (TX)","Texas (TX)",10.8627086881591
"174",48,0.423172769418231,0.0799434184429966,0.766402120393465,11.4371018761684,2.1606329308918,20.713570821445,1680,3.7,"1400000US48245001200","Texas (TX)",174,"Texas (TX)","Texas (TX)",7.10930252622628
"175",48,0.727646665778466,0.137462913695867,1.31783041786107,11.3694791527885,2.14785802649792,20.5911002790792,1042,6.4,"1400000US48245005400","Texas (TX)",175,"Texas (TX)","Texas (TX)",7.58207825741162
"176",48,0.550568103809381,0.104010228173969,0.997125979444794,11.0113620761876,2.08020456347938,19.9425195888959,1931,5,"1400000US48167722800","Texas (TX)",176,"Texas (TX)","Texas (TX)",10.6314700845592
"177",48,0.374063068786623,0.0706658901355862,0.67746024743766,11.0018549643124,2.07840853339959,19.9253013952253,4127,3.4,"1400000US48201322600","Texas (TX)",177,"Texas (TX)","Texas (TX)",15.4375828488239
"178",48,0.300164185490995,0.0567053289258127,0.543623042056178,10.7201494818213,2.02519031877903,19.4151086448635,3535,2.8,"1400000US48201320500","Texas (TX)",178,"Texas (TX)","Texas (TX)",10.6108039571067
"179",48,0.31830137132939,0.0601317040180725,0.576471038640708,10.6100457109797,2.00439013393575,19.2157012880236,2575,3,"1400000US48201333000","Texas (TX)",179,"Texas (TX)","Texas (TX)",8.1962603117318
"180",48,0.676361453066919,0.127774399887727,1.22494850624611,10.5681477041706,1.99647499824573,19.1398204100955,490,6.4,"1400000US48201253400","Texas (TX)",180,"Texas (TX)","Texas (TX)",3.3141711200279
"181",48,0.31830137132939,0.0601317040180725,0.576471038640708,10.2677861719158,1.93973238767976,18.5958399561519,2512,3.1,"1400000US48201321700","Texas (TX)",181,"Texas (TX)","Texas (TX)",7.99573044779428
"182",48,0.727646665778466,0.137462913695867,1.31783041786107,10.1062036913676,1.90920713466482,18.3032002480704,998,7.2,"1400000US48245006300","Texas (TX)",182,"Texas (TX)","Texas (TX)",7.2619137244691
"183",48,0.31830137132939,0.0601317040180725,0.576471038640708,9.94691785404344,1.87911575056476,18.0147199575221,4715,3.2,"1400000US48201321600","Texas (TX)",183,"Texas (TX)","Texas (TX)",15.0079096581807
"184",48,0.31830137132939,0.0601317040180725,0.576471038640708,9.36180503909971,1.76857952994331,16.9550305482561,3351,3.4,"1400000US48201320700","Texas (TX)",184,"Texas (TX)","Texas (TX)",10.6662789532479
"185",48,0.31830137132939,0.0601317040180725,0.576471038640708,9.36180503909971,1.76857952994331,16.9550305482561,3073,3.4,"1400000US48201333100","Texas (TX)",185,"Texas (TX)","Texas (TX)",9.78140114095216
"186",48,0.249035504062109,0.0470463861268057,0.451024621997413,9.22353718748553,1.74245874543725,16.7046156295338,2610,2.7,"1400000US48201311600","Texas (TX)",186,"Texas (TX)","Texas (TX)",6.49982665602105
"187",48,0.31830137132939,0.0601317040180725,0.576471038640708,9.09432489512543,1.71804868623064,16.4706011040202,3591,3.5,"1400000US48201320800","Texas (TX)",187,"Texas (TX)","Texas (TX)",11.4302022444384
"188",48,0.271509949900215,0.051292131972835,0.491727767827596,9.05033166334051,1.70973773242783,16.3909255942532,4082,3,"1400000US48167722001","Texas (TX)",188,"Texas (TX)","Texas (TX)",11.0830361549268
"189",48,0.31830137132939,0.0601317040180725,0.576471038640708,8.84170475914973,1.67032511161312,16.0130844066863,3117,3.6,"1400000US48201321401","Texas (TX)",189,"Texas (TX)","Texas (TX)",9.92145374433709
"190",48,0.31830137132939,0.0601317040180725,0.576471038640708,8.84170475914973,1.67032511161312,16.0130844066863,3554,3.6,"1400000US48201333201","Texas (TX)",190,"Texas (TX)","Texas (TX)",11.3124307370465
"191",48,0.280653008745725,0.0530193872027506,0.508286630288699,8.7704065233039,1.65685585008596,15.8839571965219,3967,3.2,"1400000US48201320200","Texas (TX)",191,"Texas (TX)","Texas (TX)",11.1335048569429
"192",48,0.601228782436418,0.113580758517061,1.08887680635578,8.71346061502055,1.64609794952262,15.7808232805185,946,6.9,"1400000US48245005900","Texas (TX)",192,"Texas (TX)","Texas (TX)",5.68762428184852
"193",48,0.423172769418231,0.0799434184429966,0.766402120393465,8.636178967719,1.63149833557136,15.6408595998666,2434,4.9,"1400000US48245002500","Texas (TX)",193,"Texas (TX)","Texas (TX)",10.3000252076397
"194",48,0.31830137132939,0.0601317040180725,0.576471038640708,8.60273976565919,1.62518118967763,15.5802983416408,4119,3.7,"1400000US48201333202","Texas (TX)",194,"Texas (TX)","Texas (TX)",13.1108334850576
"195",48,0.3603617554377,0.0680775151137779,0.652645995761622,8.58004179613571,1.62089321699471,15.5391903752767,2529,4.2,"1400000US48167722002","Texas (TX)",195,"Texas (TX)","Texas (TX)",9.11354879501943
"196",48,0.272113305350884,0.0514061144895478,0.492820496212219,8.50354079221511,1.60644107779837,15.4006405066319,4141,3.2,"1400000US48245010600","Texas (TX)",196,"Texas (TX)","Texas (TX)",11.2682119745801
"197",48,0.272113305350884,0.0514061144895478,0.492820496212219,8.50354079221511,1.60644107779837,15.4006405066319,2589,3.2,"1400000US48245010700","Texas (TX)",197,"Texas (TX)","Texas (TX)",7.04501347553438
"198",48,0.423172769418231,0.0799434184429966,0.766402120393465,8.46345538836462,1.59886836885993,15.3280424078693,1970,5,"1400000US48245001900","Texas (TX)",198,"Texas (TX)","Texas (TX)",8.33650355753915
"199",48,0.270555708576511,0.0511118620713916,0.48999955508163,8.45486589301596,1.59724568973099,15.3124860963009,3098,3.2,"1400000US48201321800","Texas (TX)",199,"Texas (TX)","Texas (TX)",8.3818158517003
"200",48,0.632488145545275,0.119486101501933,1.14549018958862,8.32221244138519,1.57218554607807,15.0722393366923,1164,7.6,"1400000US48245011800","Texas (TX)",200,"Texas (TX)","Texas (TX)",7.362162014147
"201",48,0.147218728393754,0.0278117337814712,0.266625723006037,8.17881824409745,1.54509632119285,14.8125401670021,2979,1.8,"1400000US48141004317","Texas (TX)",201,"Texas (TX)","Texas (TX)",4.38564591884994
"202",48,0.261254779321001,0.0493547828519415,0.47315477579006,8.16421185378128,1.54233696412317,14.7860867434394,2058,3.2,"1400000US48201320100","Texas (TX)",202,"Texas (TX)","Texas (TX)",5.3766233584262
"203",48,0.238453622653952,0.0450473166344811,0.431859928673423,7.94845408846507,1.50157722114937,14.3953309557808,5421,3,"1400000US48201311500","Texas (TX)",203,"Texas (TX)","Texas (TX)",12.9265708840707
"204",48,0.363785721427372,0.0687243515021949,0.658847091352548,7.57886919640357,1.43175732296239,13.7259810698448,5167,4.8,"1400000US48167722300","Texas (TX)",204,"Texas (TX)","Texas (TX)",18.7968082261523
"205",48,0.423172769418231,0.0799434184429966,0.766402120393465,7.55665659675412,1.42756104362494,13.6857521498833,1627,5.6,"1400000US48245002400","Texas (TX)",205,"Texas (TX)","Texas (TX)",6.88502095843462
"206",48,0.282089116890315,0.0532906886725739,0.510887545108056,7.23305427923885,1.36642791468138,13.0996806437963,3616,3.9,"1400000US48201320602","Texas (TX)",206,"Texas (TX)","Texas (TX)",10.2003424667538
"207",48,0.269028990610933,0.0508234431040407,0.487234538117824,7.07971027923507,1.3374590290537,12.8219615294164,5235,3.8,"1400000US48167722100","Texas (TX)",207,"Texas (TX)","Texas (TX)",14.0836676584823
"208",48,0.423172769418231,0.0799434184429966,0.766402120393465,6.93725851505296,1.31054784332781,12.5639691867781,1619,6.1,"1400000US48245002000","Texas (TX)",208,"Texas (TX)","Texas (TX)",6.85116713688116
"209",48,0.272113305350884,0.0514061144895478,0.492820496212219,6.63690988660692,1.25380767047678,12.0200121027371,3125,4.1,"1400000US48245010500","Texas (TX)",209,"Texas (TX)","Texas (TX)",8.50354079221511
"210",48,0.262324653726263,0.0495568975044957,0.475092409948031,6.55811634315658,1.23892243761239,11.8773102487008,1902,4,"1400000US48355006300","Texas (TX)",210,"Texas (TX)","Texas (TX)",4.98941491387353
"211",48,0.423172769418231,0.0799434184429966,0.766402120393465,6.51035029874201,1.22989874527687,11.7908018522072,1138,6.5,"1400000US48245011700","Texas (TX)",211,"Texas (TX)","Texas (TX)",4.81570611597947
"212",48,0.272113305350884,0.0514061144895478,0.492820496212219,6.47888822264008,1.223955106894,11.7338213383862,2106,4.2,"1400000US48245010400","Texas (TX)",212,"Texas (TX)","Texas (TX)",5.73070621068961
"213",48,0.225709128349454,0.0426396984826101,0.408778558216298,6.44883223855583,1.21827709950314,11.6793873776085,3634,3.5,"1400000US48201311200","Texas (TX)",213,"Texas (TX)","Texas (TX)",8.20226972421916
"214",48,0.166175277943745,0.031392898455639,0.300957657431851,6.39135684399019,1.20741917137073,11.5752945166096,3646,2.6,"1400000US48201322000","Texas (TX)",214,"Texas (TX)","Texas (TX)",6.05875063382894
"215",48,0.23473804306156,0.0443453902451219,0.425130695877998,6.17731692267263,1.166983953819,11.1876498915263,3737,3.8,"1400000US48201311300","Texas (TX)",215,"Texas (TX)","Texas (TX)",8.77216066921049
"216",48,0.255572363504239,0.0482812928302867,0.462863434178191,6.08505627391044,1.1495545911973,11.0205579566236,3348,4.2,"1400000US48201332900","Texas (TX)",216,"Texas (TX)","Texas (TX)",8.55656273012191
"217",48,0.294389335911273,0.055614376837776,0.53316429498477,6.00794563084231,1.13498728240359,10.880903979281,1613,4.9,"1400000US48167726200","Texas (TX)",217,"Texas (TX)","Texas (TX)",4.74849998824884
"218",48,0.423172769418231,0.0799434184429966,0.766402120393465,5.79688725230453,1.09511532113694,10.4986591834721,1503,7.3,"1400000US48245001700","Texas (TX)",218,"Texas (TX)","Texas (TX)",6.36028672435601
"219",48,0.423172769418231,0.0799434184429966,0.766402120393465,5.7185509380842,1.0803164654459,10.3567854107225,2109,7.4,"1400000US48245002100","Texas (TX)",219,"Texas (TX)","Texas (TX)",8.92471370703049
"220",48,0.199974212715748,0.0377780030291693,0.362170422402328,5.71354893473567,1.07937151511912,10.3477263543522,4037,3.5,"1400000US48201321900","Texas (TX)",220,"Texas (TX)","Texas (TX)",8.07295896733477
"221",48,0.232779414574797,0.0439753771724308,0.421583451977163,5.67754669694627,1.07257017493734,10.2825232189552,3511,4.1,"1400000US48355000700","Texas (TX)",221,"Texas (TX)","Texas (TX)",8.17288524572113
"222",48,0.617566362474524,0.116667162207752,1.1184655627413,5.66574644472041,1.07034093768579,10.261151951755,946,10.9,"1400000US48245006100","Texas (TX)",222,"Texas (TX)","Texas (TX)",5.842177789009
"223",48,0.423172769418231,0.0799434184429966,0.766402120393465,5.56806275550304,1.05188708477627,10.0842384262298,2198,7.6,"1400000US48245002300","Texas (TX)",223,"Texas (TX)","Texas (TX)",9.30133747181271
"224",48,0.272113305350884,0.0514061144895478,0.492820496212219,5.44226610701767,1.02812228979096,9.85640992424439,2510,5,"1400000US48245006600","Texas (TX)",224,"Texas (TX)","Texas (TX)",6.83004396430718
"225",48,0.206019503504669,0.0389200453486992,0.37311896166064,5.42156588170183,1.02421171970261,9.81892004370104,1119,3.8,"1400000US48201311400","Texas (TX)",225,"Texas (TX)","Texas (TX)",2.30535824421725
"226",48,0.17130849750071,0.0323626374101714,0.310254357591248,5.1911665909306,0.980685982126406,9.40164719973479,1593,3.3,"1400000US48355003500","Texas (TX)",226,"Texas (TX)","Texas (TX)",2.72894436518631
"227",48,0.197136232972627,0.0372418678651582,0.357030598080096,5.18779560454282,0.980049154346268,9.39554205473938,814,3.8,"1400000US48201324200","Texas (TX)",227,"Texas (TX)","Texas (TX)",1.60468893639719
"228",48,0.17617978971197,0.0332828945243952,0.319076684899546,5.18175852094031,0.978908662482213,9.3846083793984,2976,3.4,"1400000US48233951000","Texas (TX)",228,"Texas (TX)","Texas (TX)",5.24311054182824
"229",48,0.190056964925821,0.0359044923801666,0.344209437471476,5.1366747277249,0.970391685950449,9.30295776949936,4726,3.7,"1400000US48355000600","Texas (TX)",229,"Texas (TX)","Texas (TX)",8.98209216239432
"230",48,0.173397574728812,0.032757294125053,0.314037855332572,5.09992866849448,0.963449827207441,9.23640750978152,2733,3.4,"1400000US48201322100","Texas (TX)",230,"Texas (TX)","Texas (TX)",4.73895571733844
"231",48,0.17617978971197,0.0332828945243952,0.319076684899546,5.03370827748487,0.95093984355415,9.11647671141559,2493,3.5,"1400000US48233950600","Texas (TX)",231,"Texas (TX)","Texas (TX)",4.39216215751942
"232",48,0.206070219510713,0.0389296263311865,0.373210812690239,4.79233068629565,0.905340147236896,8.6793212253544,3978,4.3,"1400000US48201311100","Texas (TX)",232,"Texas (TX)","Texas (TX)",8.19747333213615
"233",48,0.147218728393754,0.0278117337814712,0.266625723006037,4.7489912385082,0.897152702628105,8.60082977438829,4790,3.1,"1400000US48141004303","Texas (TX)",233,"Texas (TX)","Texas (TX)",7.05177709006082
"234",48,0.130364853935526,0.0246277946540737,0.236101913216978,4.6558876405545,0.879564094788348,8.43221118632065,5152,2.8,"1400000US48201322700","Texas (TX)",234,"Texas (TX)","Texas (TX)",6.7163972747583
"235",48,0.147218728393754,0.0278117337814712,0.266625723006037,4.60058526230482,0.869116680670976,8.33205384393866,4695,3.2,"1400000US48141003404","Texas (TX)",235,"Texas (TX)","Texas (TX)",6.91191929808676
"236",48,0.147218728393754,0.0278117337814712,0.266625723006037,4.46117358768952,0.842779811559735,8.0795673638193,4405,3.3,"1400000US48141003403","Texas (TX)",236,"Texas (TX)","Texas (TX)",6.48498498574487
"237",48,0.147218728393754,0.0278117337814712,0.266625723006037,4.3299625998163,0.817992170043272,7.84193302958932,3062,3.4,"1400000US48141004318","Texas (TX)",237,"Texas (TX)","Texas (TX)",4.50783746341675
"238",48,0.114764165089463,0.0216806003009625,0.207847729877963,4.25052463294306,0.802985196331946,7.69806406955417,2638,2.7,"1400000US48201322900","Texas (TX)",238,"Texas (TX)","Texas (TX)",3.02747867506002
"239",48,0.17617978971197,0.0332828945243952,0.319076684899546,4.09720441190629,0.774020802892913,7.42038802091967,661,4.3,"1400000US48233950800","Texas (TX)",239,"Texas (TX)","Texas (TX)",1.16454840999612
"240",48,0.147218728393754,0.0278117337814712,0.266625723006037,4.08940912204873,0.772548160596423,7.40627008350103,4709,3.6,"1400000US48141003402","Texas (TX)",240,"Texas (TX)","Texas (TX)",6.93252992006188
"241",48,0.147706584365809,0.0279038967865897,0.267509271945028,3.99206984772456,0.754159372610532,7.22998032283859,1170,3.7,"1400000US48201322200","Texas (TX)",241,"Texas (TX)","Texas (TX)",1.72816703707996
"242",48,0.147218728393754,0.0278117337814712,0.266625723006037,3.97888455118254,0.751668480580304,7.20610062178478,4181,3.7,"1400000US48141004202","Texas (TX)",242,"Texas (TX)","Texas (TX)",6.15521503414286
"243",48,0.190056964925821,0.0359044923801666,0.344209437471476,3.95952010262128,0.748010257920138,7.17102994732242,3677,4.8,"1400000US48355001601","Texas (TX)",243,"Texas (TX)","Texas (TX)",6.98839460032245
"244",48,0.130364853935526,0.0246277946540737,0.236101913216978,3.95045011925836,0.746296807699204,7.15460343081752,4236,3.3,"1400000US48201323200","Texas (TX)",244,"Texas (TX)","Texas (TX)",5.52225521270888
"245",48,0.17617978971197,0.0332828945243952,0.319076684899546,3.91510643804379,0.739619878319894,7.09059299776768,1411,4.5,"1400000US48233950700","Texas (TX)",245,"Texas (TX)","Texas (TX)",2.4858968328359
"246",48,0.130364853935526,0.0246277946540737,0.236101913216978,3.83426040986841,0.724346901590404,6.94417391814642,5430,3.4,"1400000US48201323400","Texas (TX)",246,"Texas (TX)","Texas (TX)",7.07881156869906
"247",48,0.190056964925821,0.0359044923801666,0.344209437471476,3.80113929851643,0.718089847603332,6.88418874942952,1303,5,"1400000US48355000500","Texas (TX)",247,"Texas (TX)","Texas (TX)",2.47644225298345
"248",48,0.190056964925821,0.0359044923801666,0.344209437471476,3.80113929851643,0.718089847603332,6.88418874942952,3654,5,"1400000US48355001200","Texas (TX)",248,"Texas (TX)","Texas (TX)",6.94468149838951
"249",48,0.190056964925821,0.0359044923801666,0.344209437471476,3.72660715540826,0.704009654513071,6.74920465630345,2945,5.1,"1400000US48355001300","Texas (TX)",249,"Texas (TX)","Texas (TX)",5.59717761706544
"250",48,0.190056964925821,0.0359044923801666,0.344209437471476,3.72660715540826,0.704009654513071,6.74920465630345,2708,5.1,"1400000US48355006400","Texas (TX)",250,"Texas (TX)","Texas (TX)",5.14674261019124
"251",48,0.130364853935526,0.0246277946540737,0.236101913216978,3.7247101124436,0.703651275830678,6.74576894905652,2603,3.5,"1400000US48201323300","Texas (TX)",251,"Texas (TX)","Texas (TX)",3.39339714794174
"252",48,0.15840882609997,0.0299257040744461,0.286891948125494,3.68392618837139,0.695946606382467,6.67190577036032,3746,4.3,"1400000US48201310900","Texas (TX)",252,"Texas (TX)","Texas (TX)",5.93399462570487
"253",48,0.147218728393754,0.0278117337814712,0.266625723006037,3.68046820984385,0.695293344536781,6.66564307515092,2473,4,"1400000US48141003501","Texas (TX)",253,"Texas (TX)","Texas (TX)",3.64071915317754
"254",48,0.190056964925821,0.0359044923801666,0.344209437471476,3.65494163318887,0.690471007310896,6.61941225906685,1302,5.2,"1400000US48355001100","Texas (TX)",254,"Texas (TX)","Texas (TX)",2.47454168333419
"255",48,0.112196714324428,0.0211955719492492,0.203197856699608,3.61924884917511,0.683728127395134,6.55476957095509,4564,3.1,"1400000US48201322800","Texas (TX)",255,"Texas (TX)","Texas (TX)",5.12065804176691
"256",48,0.224144003484977,0.0423440239000312,0.405943983069922,3.61522586266091,0.682968127419859,6.54748359790197,2454,6.2,"1400000US48167722200","Texas (TX)",256,"Texas (TX)","Texas (TX)",5.50049384552133
"257",48,0.15840882609997,0.0299257040744461,0.286891948125494,3.60020059318113,0.680129638055592,6.52027154830667,4577,4.4,"1400000US48201311000","Texas (TX)",257,"Texas (TX)","Texas (TX)",7.25037197059562
"258",48,0.190056964925821,0.0359044923801666,0.344209437471476,3.58598047029852,0.677443252455974,6.49451768814106,3451,5.3,"1400000US48355000900","Texas (TX)",258,"Texas (TX)","Texas (TX)",6.5588658595901
"259",48,0.190056964925821,0.0359044923801666,0.344209437471476,3.45558118046948,0.652808952366665,6.25835340857229,2918,5.5,"1400000US48355001000","Texas (TX)",259,"Texas (TX)","Texas (TX)",5.54586223653547
"260",48,0.153922221032795,0.0290781198908827,0.278766322174708,3.42049380072879,0.646180442019616,6.19480715943796,4126,4.5,"1400000US48201233701","Texas (TX)",260,"Texas (TX)","Texas (TX)",6.35083083981314
"261",48,0.111967195196712,0.0211522124871247,0.2027821779063,3.2931527999033,0.622123896680138,5.96418170312646,3547,3.4,"1400000US48201324100","Texas (TX)",261,"Texas (TX)","Texas (TX)",3.97147641362738
"262",48,0.147218728393754,0.0278117337814712,0.266625723006037,3.27152729763898,0.618038528477139,5.92501606680082,4066,4.5,"1400000US48141003300","Texas (TX)",262,"Texas (TX)","Texas (TX)",5.98591349649004
"263",48,0.147218728393754,0.0278117337814712,0.266625723006037,3.13231337007987,0.591739016627048,5.6728877235327,3449,4.7,"1400000US48141003701","Texas (TX)",263,"Texas (TX)","Texas (TX)",5.07757394230058
"264",48,0.0926202135071344,0.017497289570073,0.167743137444196,3.08734045023781,0.583242985669101,5.59143791480653,3108,3,"1400000US48201233300","Texas (TX)",264,"Texas (TX)","Texas (TX)",2.87863623580174
"265",48,0.147218728393754,0.0278117337814712,0.266625723006037,3.06705684153654,0.579411120447318,5.55470256262577,3066,4.8,"1400000US48141003601","Texas (TX)",265,"Texas (TX)","Texas (TX)",4.5137262125525
"266",48,0.147218728393754,0.0278117337814712,0.266625723006037,2.94437456787508,0.556234675629425,5.33251446012074,2502,5,"1400000US48141003000","Texas (TX)",266,"Texas (TX)","Texas (TX)",3.68341258441173
"267",48,0.111260529037143,0.0210187130926065,0.20150234498168,2.92790865887219,0.553124028752802,5.30269328899158,4315,3.8,"1400000US48201323000","Texas (TX)",267,"Texas (TX)","Texas (TX)",4.80089182795273
"268",48,0.104383302956952,0.0197195062390756,0.189047099674828,2.89953619324867,0.547764062196544,5.25130832430079,1900,3.6,"1400000US48201233702","Texas (TX)",268,"Texas (TX)","Texas (TX)",1.98328275618209
"269",48,0.0868478221566201,0.016406801876866,0.157288842436374,2.89492740522067,0.546893395895535,5.2429614145458,3571,3,"1400000US48227950600","Texas (TX)",269,"Texas (TX)","Texas (TX)",3.1013357292129
"270",48,0.102727434829015,0.0194066889497683,0.186048180708262,2.85353985636154,0.53907469304912,5.16800501967396,5791,3.6,"1400000US48201233500","Texas (TX)",270,"Texas (TX)","Texas (TX)",5.94894575094828
"271",48,0.147218728393754,0.0278117337814712,0.266625723006037,2.72627274803248,0.515032107064282,4.93751338900069,1867,5.4,"1400000US48141003602","Texas (TX)",271,"Texas (TX)","Texas (TX)",2.74857365911139
"272",48,0.147218728393754,0.0278117337814712,0.266625723006037,2.67670415261371,0.505667886935841,4.84774041829158,3380,5.5,"1400000US48141003702","Texas (TX)",272,"Texas (TX)","Texas (TX)",4.97599301970889
"273",48,0.147218728393754,0.0278117337814712,0.266625723006037,2.62890586417418,0.496638103240558,4.7611736251078,4081,5.6,"1400000US48141004201","Texas (TX)",273,"Texas (TX)","Texas (TX)",6.0079963057491
"274",48,0.0819148931571883,0.0154749006874457,0.148354885626931,2.55984041116214,0.483590646482677,4.63609017584159,1805,3.2,"1400000US48423001300","Texas (TX)",274,"Texas (TX)","Texas (TX)",1.47856382148725
"275",48,0.147218728393754,0.0278117337814712,0.266625723006037,2.4952326846399,0.471385318330021,4.51908005094978,2070,5.9,"1400000US48141003200","Texas (TX)",275,"Texas (TX)","Texas (TX)",3.04742767775071
"276",48,0.0819148931571883,0.0154749006874457,0.148354885626931,2.48226948961177,0.468936384468051,4.49560259475549,2646,3.3,"1400000US48423001200","Texas (TX)",276,"Texas (TX)","Texas (TX)",2.1674680729392
"277",48,0.147218728393754,0.0278117337814712,0.266625723006037,2.45364547322924,0.463528896357854,4.44376205010062,1056,6,"1400000US48141002900","Texas (TX)",277,"Texas (TX)","Texas (TX)",1.55462977183804
"278",48,0.147218728393754,0.0278117337814712,0.266625723006037,2.45364547322924,0.463528896357854,4.44376205010062,2436,6,"1400000US48141003100","Texas (TX)",278,"Texas (TX)","Texas (TX)",3.58624822367185
"279",48,0.0807598171184221,0.015256690221712,0.146262944015132,2.37528873877712,0.448726182991529,4.30185129456271,1671,3.4,"1400000US48201233703","Texas (TX)",279,"Texas (TX)","Texas (TX)",1.34949654404883
"280",48,0.0819148931571883,0.0154749006874457,0.148354885626931,2.34042551877681,0.442140019641305,4.23871101791232,4269,3.5,"1400000US48423000800","Texas (TX)",280,"Texas (TX)","Texas (TX)",3.49694678888037
"281",48,0.0819148931571883,0.0154749006874457,0.148354885626931,2.27541369881079,0.429858352429046,4.12096904519253,2237,3.6,"1400000US48423000500","Texas (TX)",281,"Texas (TX)","Texas (TX)",1.8324361599263
"282",48,0.0819148931571883,0.0154749006874457,0.148354885626931,2.27541369881079,0.429858352429046,4.12096904519253,1765,3.6,"1400000US48423000600","Texas (TX)",282,"Texas (TX)","Texas (TX)",1.44579786422437
"283",48,0.0819148931571883,0.0154749006874457,0.148354885626931,2.27541369881079,0.429858352429046,4.12096904519253,4080,3.6,"1400000US48423000900","Texas (TX)",283,"Texas (TX)","Texas (TX)",3.34212764081328
"284",48,0.0819148931571883,0.0154749006874457,0.148354885626931,2.27541369881079,0.429858352429046,4.12096904519253,3189,3.6,"1400000US48423001101","Texas (TX)",284,"Texas (TX)","Texas (TX)",2.61226594278274
"285",48,0.0868478221566201,0.016406801876866,0.157288842436374,2.06780528944333,0.390638139925382,3.74497243896129,2733,4.2,"1400000US48227950700","Texas (TX)",285,"Texas (TX)","Texas (TX)",2.37355097954043
"286",48,0.0819148931571883,0.0154749006874457,0.148354885626931,1.99792422334606,0.377436602132821,3.61841184455929,3621,4.1,"1400000US48423000300","Texas (TX)",286,"Texas (TX)","Texas (TX)",2.96613828122179
"287",48,0.15840882609997,0.0299257040744461,0.286891948125494,1.90854007349361,0.36055065149935,3.45652949548788,2799,8.3,"1400000US48201212500","Texas (TX)",287,"Texas (TX)","Texas (TX)",4.43386304253816
"288",48,0.127105814879313,0.0240121153338966,0.23019951442473,1.76535853999046,0.333501601859676,3.19721547812125,1395,7.2,"1400000US48201233600","Texas (TX)",288,"Texas (TX)","Texas (TX)",1.77312611756642
"289",48,0.0819148931571883,0.0154749006874457,0.148354885626931,1.70656027410809,0.322393764321785,3.0907267838944,4584,4.8,"1400000US48423000100","Texas (TX)",289,"Texas (TX)","Texas (TX)",3.75497870232551
"290",48,0.0819148931571883,0.0154749006874457,0.148354885626931,1.36524821928647,0.257915011457428,2.47258142711552,1899,6,"1400000US48423000400","Texas (TX)",290,"Texas (TX)","Texas (TX)",1.55556382105501
"291",48,0.0665856789720097,0.0125789917997051,0.120592366144314,1.35889140759203,0.256714118361328,2.46106869682274,2100,4.9,"1400000US48201233400","Texas (TX)",291,"Texas (TX)","Texas (TX)",1.3982992584122
"292",48,0.0468358956555933,0.00884797386583995,0.0848238174453466,1.33816844730266,0.252799253309713,2.42353764129562,2715,3.5,"1400000US48201252500","Texas (TX)",292,"Texas (TX)","Texas (TX)",1.27159456704936
"293",48,0.0819148931571883,0.0154749006874457,0.148354885626931,1.27992020558107,0.241795323241339,2.3180450879208,1366,6.4,"1400000US48423000202","Texas (TX)",293,"Texas (TX)","Texas (TX)",1.11895744052719
"294",48,0.0228093402199123,0.00430901220821929,0.0413096682316053,1.14046701099562,0.215450610410964,2.06548341158027,3699,2,"1400000US48029141402","Texas (TX)",294,"Texas (TX)","Texas (TX)",0.843717494734556
"295",48,0.0819148931571883,0.0154749006874457,0.148354885626931,1.06382978126219,0.200972736200593,1.92668682632378,3207,7.7,"1400000US48423000201","Texas (TX)",295,"Texas (TX)","Texas (TX)",2.62701062355103
"296",48,0.0228093402199123,0.00430901220821929,0.0413096682316053,0.991710444344013,0.187348356879099,1.79607253180893,3278,2.3,"1400000US48029141600","Texas (TX)",296,"Texas (TX)","Texas (TX)",0.747690172408725
"297",48,0.0228093402199123,0.00430901220821929,0.0413096682316053,0.95038917582968,0.17954217534247,1.72123617631689,1922,2.4,"1400000US48029192200","Texas (TX)",297,"Texas (TX)","Texas (TX)",0.438395519026715
"298",48,0.0228093402199123,0.00430901220821929,0.0413096682316053,0.69119212787613,0.130576127521797,1.25180812823046,2402,3.3,"1400000US48029141102","Texas (TX)",298,"Texas (TX)","Texas (TX)",0.547880352082294
"299",48,0.0228093402199123,0.00430901220821929,0.0413096682316053,0.69119212787613,0.130576127521797,1.25180812823046,3404,3.3,"1400000US48029141403","Texas (TX)",299,"Texas (TX)","Texas (TX)",0.776429941085815
"300",48,0.0228093402199123,0.00430901220821929,0.0413096682316053,0.651695434854637,0.123114634520551,1.18027623518872,5325,3.5,"1400000US48029151700","Texas (TX)",300,"Texas (TX)","Texas (TX)",1.21459736671033
"301",48,0.0228093402199123,0.00430901220821929,0.0413096682316053,0.633592783886453,0.119694783561647,1.14749078421126,4356,3.6,"1400000US48029141404","Texas (TX)",301,"Texas (TX)","Texas (TX)",0.99357485997938
"302",48,0.0228093402199123,0.00430901220821929,0.0413096682316053,0.616468654592224,0.116459789411332,1.11647751977312,5284,3.7,"1400000US48029150700","Texas (TX)",302,"Texas (TX)","Texas (TX)",1.20524553722017
"303",48,0.0228093402199123,0.00430901220821929,0.0413096682316053,0.616468654592224,0.116459789411332,1.11647751977312,5804,3.7,"1400000US48029151600","Texas (TX)",303,"Texas (TX)","Texas (TX)",1.32385410636371
"304",48,0.0228093402199123,0.00430901220821929,0.0413096682316053,0.60024579526085,0.113395058111034,1.08709653241067,2591,3.8,"1400000US48029141000","Texas (TX)",304,"Texas (TX)","Texas (TX)",0.590990005097928
"305",48,0.0228093402199123,0.00430901220821929,0.0413096682316053,0.60024579526085,0.113395058111034,1.08709653241067,5047,3.8,"1400000US48029141200","Texas (TX)",305,"Texas (TX)","Texas (TX)",1.15118740089897
"306",48,0.0228093402199123,0.00430901220821929,0.0413096682316053,0.60024579526085,0.113395058111034,1.08709653241067,2133,3.8,"1400000US48029151500","Texas (TX)",306,"Texas (TX)","Texas (TX)",0.48652322689073
"307",48,0.0228093402199123,0.00430901220821929,0.0413096682316053,0.584854877433649,0.110487492518443,1.05922226234885,3711,3.9,"1400000US48029140700","Texas (TX)",307,"Texas (TX)","Texas (TX)",0.846454615560946
"308",48,0.0228093402199123,0.00430901220821929,0.0413096682316053,0.584854877433649,0.110487492518443,1.05922226234885,1578,3.9,"1400000US48029140900","Texas (TX)",308,"Texas (TX)","Texas (TX)",0.359931388670216
"309",48,0.0198171663590422,0.00374374755911961,0.0358905851589648,0.582857834089477,0.110110222327047,1.05560544585191,4461,3.4,"1400000US48201233102","Texas (TX)",309,"Texas (TX)","Texas (TX)",0.884043791276873
"310",48,0.0228093402199123,0.00430901220821929,0.0413096682316053,0.570233505497808,0.107725305205482,1.03274170579013,5141,4,"1400000US48029150900","Texas (TX)",310,"Texas (TX)","Texas (TX)",1.17262818070569
"311",48,0.0198171663590422,0.00374374755911961,0.0358905851589648,0.566204753115492,0.106964215974846,1.02544529025614,4642,3.5,"1400000US48201252400","Texas (TX)",311,"Texas (TX)","Texas (TX)",0.919912862386739
"312",48,0.0228093402199123,0.00430901220821929,0.0413096682316053,0.543079529045531,0.102595528767126,0.983563529323936,3802,4.2,"1400000US48029151400","Texas (TX)",312,"Texas (TX)","Texas (TX)",0.867211115161066
"313",48,0.0228093402199123,0.00430901220821929,0.0413096682316053,0.518394095907098,0.0979320956413474,0.938856096172848,4137,4.4,"1400000US48029140800","Texas (TX)",313,"Texas (TX)","Texas (TX)",0.943622404897772
"314",48,0.0228093402199123,0.00430901220821929,0.0413096682316053,0.506874227109162,0.0957558268493175,0.917992627369007,2964,4.5,"1400000US48029141101","Texas (TX)",314,"Texas (TX)","Texas (TX)",0.676068844118201
"315",48,0.0228093402199123,0.00430901220821929,0.0413096682316053,0.495855222172007,0.0936741784395497,0.898036265904464,1869,4.6,"1400000US48029150800","Texas (TX)",315,"Texas (TX)","Texas (TX)",0.426306568710161
"316",48,0.0228093402199123,0.00430901220821929,0.0413096682316053,0.47519458791484,0.0897710876712352,0.860618088158444,2636,4.8,"1400000US48029140300","Texas (TX)",316,"Texas (TX)","Texas (TX)",0.601254208196888
