AQS_FID,REFI_FID,DISTANCE
1,39,918111.2356
1,38,917642.7374
1,37,917095.2647
1,36,916863.3298
1,56,873231.9441
1,52,794114.9107
1,47,776464.7913
1,54,745308.5739
1,48,669036.3786
1,46,664886.5151
1,45,669273.9454
1,44,671578.2786
1,42,667862.7552
1,40,667367.5282
1,58,705404.274
1,55,705126.4825
1,43,705640.9885
1,32,663221.1317
1,51,644130.8825
1,50,654741.4669
1,49,651737.6925
1,33,631027.0678
1,26,622458.7518
1,19,627816.5112
1,18,633320.0018
1,59,757049.0719
1,22,746949.9135
1,21,747945.7416
1,20,777764.0663
1,13,775906.4191
1,12,798868.5046
1,23,664567.6295
1,17,637203.9905
1,14,714728.4523
1,11,665540.4276
1,16,733120.0081
1,27,827173.1808
1,7,821299.3695
1,41,1173159.964
1,6,850181.8882
1,34,734121.6061
1,57,379989.2163
1,25,371987.2249
1,28,678782.7124
1,30,952169.1467
1,24,365203.4159
1,15,346227.2575
1,29,507465.4065
1,10,318816.4405
1,9,335891.5467
1,1,281312.4072
1,8,704827.3766
1,5,259734.4691
1,31,1246284.211
1,53,652079.0637
1,35,606268.7659
1,4,129318.9348
1,3,126593.932
1,2,239426.8833
2,39,961010.1806
2,38,961197.4669
2,37,959296.2326
2,36,962183.7234
2,56,890677.7949
2,52,794403.5139
2,47,801676.6419
2,54,844404.7652
2,48,789497.9285
2,46,788541.63
2,45,787967.4281
2,44,790312.1915
2,42,787912.292
2,40,790775.4401
2,58,834666.7796
2,55,834676.1169
2,43,833878.9102
2,32,792184.4697
2,51,811705.1143
2,50,818894.0886
2,49,816226.3636
2,33,793629.5961
2,26,812239.8117
2,19,815026.726
2,18,820287.5503
2,59,1005923.5
2,22,995178.65
2,21,996452.4198
2,20,1031979.937
2,13,1029693.906
2,12,1049601.095
2,23,906191.65
2,17,869151.5671
2,14,956839.1692
2,11,908023.2678
2,16,979432.5542
2,27,1101421.19
2,7,1102845.205
2,41,946925.8995
2,6,1137781.299
2,34,573261.9046
2,57,515945.2545
2,25,581347.0381
2,28,963477.0851
2,30,724451.1495
2,24,587768.3759
2,15,577194.084
2,29,782363.9689
2,10,583384.7988
2,9,597428.3638
2,1,264384.9299
2,8,1002318.822
2,5,217041.9874
2,31,960244.8278
2,53,368138.8435
2,35,329905.5657
2,4,168809.7813
2,3,171426.1626
2,2,71022.51397
3,39,982069.0702
3,38,982109.282
3,37,980498.3569
3,36,982703.2175
3,56,916784.4648
3,52,823233.811
3,47,825064.8728
3,54,851150.7702
3,48,790373.7414
3,46,788619.8111
3,45,789256.5476
3,44,791622.343
3,42,788868.2827
3,40,790943.7644
3,58,833926.1164
3,55,833864.1996
3,43,833383.5876
3,32,790999.2307
3,51,800956.7896
3,50,809117.0765
3,49,806332.1298
3,33,783960.7961
3,26,795597.5242
3,19,799108.6562
3,18,804489.4945
3,59,972898.2867
3,22,962330.5962
3,21,963514.7769
3,20,997186.2087
3,13,995044.5111
3,12,1016096.806
3,23,875109.9347
3,17,840894.4847
3,14,925862.5574
3,11,876673.0628
3,16,947166.2213
3,27,1058984.187
3,7,1057022.162
3,41,1016472.341
3,6,1088734.338
3,34,631919.2783
3,57,507287.6846
3,25,556080.8866
3,28,915856.44
3,30,793728.0556
3,24,559081.3348
3,15,546000.2923
3,29,738783.2144
3,10,542230.972
3,9,557428.4841
3,1,276268.4525
3,8,944605.5909
3,5,228957.0199
3,31,1029815.541
3,53,438934.9788
3,35,401341.7097
3,4,113192.5433
3,3,116266.9145
3,2,2363.557378
4,39,954096.4442
4,38,953773.8864
4,37,952911.7556
4,36,953391.1845
4,56,902880.9454
4,52,818768.3241
4,47,806827.9049
4,54,792233.3632
4,48,719782.0561
4,46,716279.7424
4,45,719635.0285
4,44,721976.3406
4,42,718503.9298
4,40,718736.6852
4,58,758460.176
4,55,758240.7702
4,43,758480.5175
4,32,715747.6181
4,51,704528
4,50,714549.6322
4,49,711585.4684
4,33,690289.0174
4,26,686994.5758
4,19,691909.3361
4,18,697411.1617
4,59,831137.6507
4,22,820956.6355
4,21,821982.4646
4,20,852376.0941
4,13,850479.6205
4,12,873196.724
4,23,737652.0815
4,17,708914.3342
4,14,787996.8245
4,11,738732.143
4,16,806900.8867
4,27,902730.9783
4,7,896596.5831
4,41,1140651.257
4,6,924754.8389
4,34,717123.5566
4,57,428433.4943
4,25,437444.3234
4,28,753877.0447
4,30,918165.0833
4,24,433250.4419
4,15,415637.6576
4,29,583010.5764
4,10,393323.8154
4,9,410134.146
4,1,280240.465
4,8,774698.4378
4,5,247603.1667
4,31,1190694.576
4,53,596492.1446
4,35,553519.5445
4,4,68574.33697
4,3,66986.47234
4,2,169531.8298
5,39,906450.1148
5,38,906108.2566
5,37,905287.5478
5,36,905674.3133
5,56,856240.8869
5,52,773132.0399
5,47,760005.3712
5,54,743793.5916
5,48,671461.6486
5,46,668002.9203
5,45,671292.5254
5,44,673635.416
5,42,670177.5349
5,40,670457.5446
5,58,710312.9762
5,55,710099.4193
5,43,710312.4182
5,32,667563.0633
5,51,657715.7474
5,50,667575.1935
5,49,664623.2677
5,33,643197.6727
5,26,641617.7915
5,19,646343.4913
5,18,651838.9254
5,59,793868.7199
5,22,783534.9516
5,21,784619.0921
5,20,816291.9205
5,13,814295.9958
5,12,836398.6084
5,23,698773.8522
5,17,668349.6034
5,14,749331.3707
5,11,700012.2658
5,16,769068.6409
5,27,872302.6543
5,7,869010.9294
5,41,1120538.165
5,6,900255.1315
5,34,687430.8939
5,57,380084.2418
5,25,392961.2233
5,28,727512.0069
5,30,898948.6659
5,24,390259.82
5,15,373694.7238
5,29,552009.0013
5,10,358064.797
5,9,374169.9968
5,1,241412.6998
5,8,760075.2705
5,5,213589.5
5,31,1188909.501
5,53,594683.7176
5,35,548972.6946
5,4,75354.85575
5,3,72349.14825
5,2,187103.1031
6,39,904931.9742
6,38,904586.0125
6,37,903774.0774
6,36,904140.9554
6,56,854900.6055
6,52,771933.3911
6,47,758638.7296
6,54,741968.9308
6,48,669533.4554
6,46,666058.2743
6,45,669373.9606
6,44,671716.1316
6,42,668251.8431
6,40,668513.7154
6,58,708330.9147
6,55,708115.9171
6,43,708335.6435
6,32,665590.4169
6,51,655560.3488
6,50,665433.2621
6,49,662480.2556
6,33,641065.8104
6,26,639377.4063
6,19,644111.8474
6,18,649607.6594
6,59,791514.6719
6,22,781180.6019
6,21,782264.8556
6,20,813942.1353
6,13,811945.7335
6,12,834045.7929
6,23,696419.4809
6,17,666003.2007
6,14,746976.699
6,11,697657.6187
6,16,766713.7396
6,27,870009.6733
6,7,866764.4456
6,41,1121179.166
6,6,898068.7916
6,34,687554.9112
6,57,378167.7172
6,25,390681.3203
6,28,725291.9641
6,30,899647.2881
6,24,387941.5964
6,15,371359.0143
6,29,549714.2635
6,10,355726.1347
6,9,371825.2458
6,1,240981.6305
6,8,758147.6737
6,5,213561.5633
6,31,1190367.373
6,53,596179.3717
6,35,550369.3172
6,4,77515.74364
6,3,74495.86759
6,2,189281.2881
7,39,861019.8404
7,38,861133.9953
7,37,859376.7248
7,36,861928.3064
7,56,793520.5607
7,52,699050.0572
7,47,702811.445
7,54,739823.3485
7,48,684524.1515
7,46,683581.4827
7,45,682992.5762
7,44,685337.4181
7,42,682938.0286
7,40,685812.7712
7,58,729728.1427
7,55,729740.4833
7,43,728930.9463
7,32,687275.868
7,51,708386.1578
7,50,715305.8295
7,49,712671.5317
7,33,690045.3497
7,26,710985.2805
7,19,713467.2008
7,18,718668.8264
7,59,914282.7748
7,22,903424.642
7,21,904768.7543
7,20,941776.3014
7,13,939370.0677
7,12,958230.1172
7,23,813314.2214
7,17,774288.3413
7,14,863704.3288
7,11,815351.8288
7,16,887251.2661
7,27,1018707.788
7,7,1024241.971
7,41,930417.0663
7,6,1063438.618
7,34,519870.2482
7,57,412690.5707
7,25,485938.0261
7,28,887906.5539
7,30,707722.5656
7,24,494858.8453
7,15,486475.2689
7,29,702664.6689
7,10,502812.5761
7,9,515313.9835
7,1,159759.685
7,8,943548.5533
7,5,112193.0054
7,31,993262.8741
7,53,400438.3535
7,35,352751.3991
7,4,143746.2822
7,3,144665.9205
7,2,123095.7029
8,39,931895.1506
8,38,931713.021
8,37,930555.7143
8,36,931710.9998
8,56,875124.2767
8,52,787182.0587
8,47,780256.8106
8,54,782128.2805
8,48,714534.2327
8,46,711816.5342
8,45,713943.1121
8,44,716308.004
8,42,713145.3098
8,40,714225.1162
8,58,755652.0893
8,55,755504.9111
8,43,755411.1191
8,32,712631.0281
8,51,711655.247
8,50,720779.5445
8,49,717892.6599
8,33,695958.2144
8,26,700409.2285
8,19,704591.2246
8,18,710050.1976
8,59,864430.1167
8,22,853981.918
8,21,855113.1155
8,20,887729.91
8,13,885665.3785
8,12,907291.4021
8,23,768013.5427
8,17,735786.1986
8,14,818704.4
8,11,769404.8133
8,16,839182.6867
8,27,946475.8208
8,7,943841.1518
8,41,1075549.728
8,6,975359.7241
8,34,658552.3349
8,57,424651.3419
8,25,455142.9574
8,28,802520.8767
8,30,852826.4671
8,24,455263.4447
8,15,440384.1403
8,29,626185.1785
8,10,430802.2453
8,9,446451.8179
8,1,237721.4492
8,8,833590.4426
8,5,198599.5289
8,31,1123930.696
8,53,529573.0909
8,35,486217.9048
8,4,1554.169691
8,3,3818.186383
8,2,111991.6963
9,39,932374.8132
9,38,932193.7124
9,37,931034.2654
9,36,932194.4554
9,56,875561.723
9,52,787588.3959
9,47,780706.0369
9,54,782687.5146
9,48,715119.4428
9,46,712405.4516
9,45,714526.2296
9,44,716891.1844
9,42,713730.0262
9,40,714813.7618
9,58,756247.6174
9,55,756100.7586
9,43,756005.4988
9,32,713225.996
9,51,712288.2421
9,50,721409.6557
9,49,718523.053
9,33,696586.9061
9,26,701058.5322
9,19,705238.8866
9,18,710697.7088
9,59,865092.2384
9,22,854644.269
9,21,855775.3707
9,20,888389.6804
9,13,886325.371
9,12,907952.7892
9,23,768677.5768
9,17,736450.8227
9,14,819368.3389
9,11,770068.6945
9,16,839845.6424
9,27,947116.3683
9,7,944467.9974
9,41,1075422.864
9,6,975969.6219
9,34,658605.538
9,57,425252.7359
9,25,455802.4129
9,28,803140.0345
9,30,852691.6009
9,24,455926.9255
9,15,441048.7279
9,29,626825.0907
9,10,431454.6104
9,9,447106.8378
9,1,238058.6275
9,8,834131.7721
9,5,198861.8478
9,31,1123551.892
9,53,529202.2902
9,35,485884.7135
9,4,1849.004954
9,3,4453.655566
9,2,111384.6889
10,39,929577.2702
10,38,929391.685
10,37,928241.5742
10,36,929380.3956
10,56,872951.1605
10,52,785118.8779
10,47,778043.0682
10,54,779556.4243
10,48,711887.7033
10,46,709159.8512
10,45,711302.38
10,44,713667.0947
10,42,710500.145
10,40,711569.1705
10,58,752977.6536
10,55,752829.6329
10,43,752739.7225
10,32,709958.1065
10,51,708894.4885
10,50,718024.181
10,49,715136.7561
10,33,693205.6227
10,26,697626.0894
10,19,701809.4439
10,18,707268.5554
10,59,861742.926
10,22,851291.7899
10,21,852424.2284
10,20,885069.1441
10,13,883002.3239
10,12,904613.0753
10,23,765296.7522
10,17,733040.0756
10,14,815989.5594
10,11,766691.1303
10,16,836484.266
10,27,943966.7082
10,7,941421.1704
10,41,1075593.262
10,6,973041.9522
10,34,657848.2001
10,57,421962.0316
10,25,452361.7388
10,28,800148.3382
10,30,852905.3512
10,24,452497.9326
10,15,437636.1572
10,29,623680.8515
10,10,428207.6408
10,9,443835.3392
10,1,235917.9298
10,8,831646.9925
10,5,197081.8808
10,31,1125091.122
10,53,530700.4399
10,35,487173.85
10,4,2526.057099
10,3,1134.634495
10,2,114306.701
11,39,938443.8201
11,38,938256.9454
11,37,937109.4664
11,36,938241.9546
11,56,881833.3123
11,52,793971.8148
11,47,786927.7538
11,54,788149.9752
11,48,720283.513
11,46,717520.592
11,45,719717.1647
11,44,722081.2858
11,42,718900.5021
11,40,719932.5175
11,58,761269.9854
11,55,761118.5109
11,43,761044.3381
11,32,718257.0927
11,51,716617.8562
11,50,725807.6807
11,49,722914.5958
11,33,701017.9419
11,26,704901.1839
11,19,709141.3755
11,18,714605.3859
11,59,867160.8003
11,22,856738.3572
11,21,857858.7317
11,20,890244.2877
11,13,888197.6566
11,12,909946.0163
11,23,771021.7058
11,17,739126.606
11,14,821691.3678
11,11,772381.9689
11,16,842013.3039
11,27,948011.8153
11,7,944912.7992
11,41,1080892.613
11,6,975953.6393
11,34,664864.7491
11,57,430196.7726
11,25,459160.6425
11,28,803370.2944
11,30,858117.7932
11,24,458907.3901
11,15,443766.3677
11,29,627709.1305
11,10,432879.6595
11,9,448671.8971
11,1,244599.4892
11,8,832743.4652
11,5,205457.1354
11,31,1127079.037
11,53,532826.8479
11,35,489870.0574
11,4,8407.653775
11,3,10008.20872
11,2,111697.9359
12,39,1185172.393
12,38,1186717.216
12,37,1182573.166
12,36,1191176.481
12,56,1087619.353
12,52,1000720.207
12,47,1056244.083
12,54,1224985.231
12,48,1228436.078
12,46,1233381.036
12,45,1224366.211
12,44,1225938.546
12,42,1226698.327
12,40,1234398.201
12,58,1273834.212
12,55,1274355.227
12,43,1271464.27
12,32,1244965.859
12,51,1324562.123
12,50,1323914.494
12,49,1322567.836
12,33,1303232.423
12,26,1362439.001
12,19,1360218.427
12,18,1363778.081
12,59,1631352.18
12,22,1620518.001
12,21,1622214.075
12,20,1665827.228
12,13,1662861.074
12,12,1674132.081
12,23,1529943.906
12,17,1480705.586
12,14,1574650.322
12,11,1533142.323
12,16,1602750.708
12,27,1775709.672
12,7,1796440.813
12,41,373275.9651
12,6,1847822.234
12,34,576680.0431
12,57,1093181.8
12,25,1222230.711
12,28,1673861.762
12,30,325886.951
12,24,1243347.383
12,15,1245935.281
12,29,1484315.377
12,10,1293715.957
12,9,1301327.593
12,1,876462.6083
12,8,1760877.276
12,5,863668.1895
12,31,172444.6702
12,53,436074.3861
12,35,478225.8034
12,4,963218.3137
12,3,965126.6285
12,2,874726.5444
13,39,1397600.204
13,38,1399085.429
13,37,1395015.56
13,36,1403398.439
13,56,1300089.852
13,52,1210685.607
13,47,1263989.604
13,54,1425465.866
13,48,1422558.601
13,46,1426919.534
13,45,1418688.429
13,44,1420391.428
13,42,1420795.55
13,40,1428108.467
13,58,1469002.902
13,55,1469475.51
13,43,1466765.093
13,32,1437823.865
13,51,1511363.152
13,50,1511797.968
13,49,1510238.552
13,33,1490013.258
13,26,1544498.777
13,19,1543009.63
13,18,1546904.858
13,59,1804532.573
13,22,1793578.115
13,21,1795210.858
13,20,1837702.765
13,13,1834843.152
13,12,1848017.33
13,23,1702064.144
13,17,1654422.169
13,14,1748588.096
13,11,1705037.599
13,16,1775983.878
13,27,1939476.413
13,7,1955252.619
13,41,571302.8932
13,6,2002174.12
13,34,782337.0616
13,57,1263050.888
13,25,1384655.421
13,28,1826661.542
13,30,544368.9118
13,24,1403251.101
13,15,1402995.292
13,29,1637437.903
13,10,1441422.521
13,9,1450945.902
13,1,1027061.876
13,8,1896351.389
13,5,1006529.201
13,31,144600.6714
13,53,554496.8231
13,35,606264.9605
13,4,1073402.55
13,3,1075755.825
13,2,973154.2619
14,39,1435160.291
14,38,1436670.462
14,37,1432569.063
14,36,1441044.222
14,56,1337610.628
14,52,1249101.866
14,47,1303099.303
14,54,1466298.396
14,48,1464425.41
14,46,1468869.124
14,45,1460525.614
14,44,1462210.606
14,42,1462665.294
14,40,1470034.792
14,58,1510734.879
14,55,1511214.771
14,43,1508476.796
14,32,1479869.41
14,51,1554146.86
14,50,1554466.979
14,49,1552930.062
14,33,1532792.495
14,26,1587738.865
14,19,1586185.97
14,18,1590052.573
14,59,1848454.453
14,22,1837505.021
14,21,1839141.613
14,20,1881701.744
14,13,1878836.003
14,12,1891905.485
14,23,1746027.444
14,17,1698285.736
14,14,1792456.452
14,11,1749013.638
14,16,1819897.994
14,27,1983838.546
14,7,1999757.878
14,41,590757.0745
14,6,2046768.614
14,34,821676.4562
14,57,1307024.946
14,25,1428982.54
14,28,1871269.3
14,30,577697.3162
14,24,1447662.434
14,15,1447482.661
14,29,1682028.957
14,10,1486063.385
14,9,1495568.939
14,1,1071610.515
14,8,1940954.922
14,5,1051172.402
14,31,145295.6767
14,53,599154.0993
14,35,650923.9323
14,4,1117598.458
14,3,1119964.458
14,2,1016998.263
15,39,1451168.54
15,38,1452690.437
15,37,1448574.443
15,36,1457092.7
15,56,1353610.914
15,52,1265538.992
15,47,1319862.945
15,54,1483891.482
15,48,1482539.024
15,46,1487024.842
15,45,1478624.294
15,44,1480300.033
15,42,1480780.484
15,40,1488178.56
15,58,1528777.742
15,55,1529261.319
15,43,1526509.446
15,32,1498073.851
15,51,1572733.854
15,50,1572993.206
15,49,1571468.224
15,33,1551377.732
15,26,1606571.114
15,19,1604983.392
15,18,1608834.31
15,59,1867671.55
15,22,1856725.238
15,21,1858364.127
15,20,1900965.186
15,13,1898095.732
15,12,1911101.998
15,23,1765270.474
15,17,1717469.68
15,14,1811642.176
15,11,1768264.345
15,16,1839110.712
15,27,2003336.243
15,7,2019362.112
15,41,598978.8421
15,6,2066451.525
15,34,838624.6748
15,57,1326280.324
15,25,1448459.416
15,28,1890966.136
15,30,592032.1882
15,24,1467197.896
15,15,1467074.812
15,29,1701709.136
15,10,1505800.539
15,9,1515283.41
15,1,1091254.659
15,8,1960793.921
15,5,1070913.863
15,31,148536.7423
15,53,618966.5527
15,35,670695.2776
15,4,1137395.891
15,3,1139764.459
15,2,1036714.268
16,39,870724.266
16,38,869137.4186
16,37,871334.04
16,36,865201.6714
16,56,886563.927
16,52,863424.7561
16,47,808552.2684
16,54,647985.7201
16,48,564054.887
16,46,555249.6801
16,45,567991.2412
16,44,568942.5169
16,42,564424.6052
16,40,556885.4797
16,58,561695.8027
16,55,560912.0254
16,43,564116.0927
16,32,542802.7145
16,51,443465.9029
16,50,456208.2404
16,49,454178.4871
16,33,451173.2609
16,26,376986.7008
16,19,385835.4012
16,18,388359.0021
16,59,264306.1659
16,22,258591.8241
16,21,258481.3537
16,20,265463.1297
16,13,265105.9749
16,12,292686.8781
16,23,228280.2123
16,17,250678.2144
16,14,255725.8682
16,11,225683.2799
16,16,254509.2587
16,27,270435.2798
16,7,262531.6283
16,41,1536378.98
16,6,299906.0499
16,34,1061072.543
16,57,481474.114
16,25,340787.7289
16,28,124063.7884
16,30,1337981.363
16,24,314894.2537
16,15,307828.0471
16,29,68639.10209
16,10,262313.1096
16,9,252007.5893
16,1,676870.092
16,8,261325.7211
16,5,696663.7259
16,31,1722510.695
16,53,1150047.211
16,35,1097108.88
16,4,681414.4117
16,3,678301.8055
16,2,792987.034
17,39,926329.5316
17,38,924418.2505
17,37,927639.8021
17,36,919492.9321
17,56,968286.2647
17,52,972210.989
17,47,909190.7804
17,54,718236.9232
17,48,651951.2946
17,46,643347.6068
17,45,656626.1982
17,44,656629.146
17,42,652992.4009
17,40,644073.5647
17,58,630024.6017
17,55,629195.9415
17,43,632920.9993
17,32,629113.692
17,51,521111.656
17,50,529837.733
17,49,529214.6221
17,33,537748.286
17,26,458362.9144
17,19,464821.1038
17,18,464102.9203
17,59,181207.9123
17,22,188171.2398
17,21,186389.9195
17,20,145617.6726
17,13,148593.4683
17,12,160943.9074
17,23,258398.365
17,17,310291.9948
17,14,230552.4569
17,11,254457.2607
17,16,203133.0037
17,27,5586.207097
17,7,65218.60709
17,41,1716029.998
17,6,137440.4132
17,34,1246350.169
17,57,677989.4297
17,25,549548.5017
17,28,164503.5983
17,30,1531678.783
17,24,531002.6119
17,15,532865.99
17,29,314730.3139
17,10,512454.1503
17,9,498611.8622
17,1,909069.3354
17,8,325980.8388
17,5,935262.5352
17,31,1942680.801
17,53,1386522.229
17,35,1332385.344
17,4,940893.6001
17,3,937734.5227
17,2,1051790.937
18,39,637035.4332
18,38,635972.6748
18,37,636797.3372
18,36,633553.1138
18,56,623170.4938
18,52,574898.9665
18,47,532027.8098
18,54,428796.2582
18,48,341837.0733
18,46,335296.2169
18,45,343668.7291
18,44,345648.6127
18,42,341184.9809
18,40,337705.0452
18,58,367011.2843
18,55,366532.6367
18,43,368033.3142
18,32,329147.5632
18,51,284865.8414
18,50,296697.1206
18,49,293654.6356
18,33,274969.9609
18,26,257068.1832
18,19,262700.7074
18,18,268192.0524
18,59,431887.36
18,22,420949.7195
18,21,422357.8088
18,20,461013.5208
18,13,458449.4854
18,12,475982.3495
18,23,330147.7391
18,17,291038.0235
18,14,380352.3971
18,11,332317.7113
18,16,404440.7348
18,27,553968.8834
18,7,572386.5242
18,41,1199933.897
18,6,625341.5208
18,34,724583.0371
18,57,146258.8777
18,25,8667.005723
18,28,454209.4995
18,30,1001592.127
18,24,23050.09132
18,15,43162.90396
18,29,268059.5697
18,10,134049.3615
18,9,125245.6218
18,1,362492.9114
18,8,580991.2876
18,5,392885.4649
18,31,1396016.869
18,53,839484.111
18,35,785031.241
18,4,449750.8805
18,3,446600.3508
18,2,549982.7865
19,39,495730.9651
19,38,494075.7966
19,37,496475.0053
19,36,489945.7563
19,56,520274.3851
19,52,514182.8127
19,47,452729.7035
19,54,274240.7319
19,48,196428.5379
19,46,187556.4955
19,45,200896.9431
19,44,201293.5795
19,42,197214.901
19,40,188681.6515
19,58,186141.4519
19,55,185336.9156
19,43,188697.5249
19,32,173766.8841
19,51,67632.93657
19,50,79869.34671
19,49,78024.19984
19,33,79794.22521
19,26,2706.402319
19,19,10139.50329
19,18,14799.01145
19,59,288031.8848
19,22,278371.2254
19,21,280215.3349
19,20,325594.5534
19,13,322383.579
19,12,326184.9722
19,23,202141.1251
19,17,151681.7306
19,14,232086.1993
19,11,206194.5308
19,16,261118.4758
19,27,463743.0969
19,7,508323.3849
19,41,1268062.906
19,6,578270.8974
19,34,807891.6834
19,57,298984.1635
19,25,247923.5472
19,28,446476.4232
19,30,1095709.308
19,24,257971.8078
19,15,280369.3535
19,29,328551.6819
19,10,347594.5165
19,9,330407.7414
19,1,563886.0686
19,8,633468.5903
19,5,604307.5202
19,31,1532034.668
19,53,1019220.584
19,35,964340.0212
19,4,697005.0882
19,3,693940.4243
19,2,790723.7285
20,39,486595.3333
20,38,484901.8057
20,37,487415.507
20,36,480656.6926
20,56,514077.3663
20,52,511313.9458
20,47,448990.9026
20,54,266346.7552
20,48,191784.7733
20,46,183022.7574
20,45,196376.0415
20,44,196572.6896
20,42,192707.214
20,40,183941.3928
20,58,177491.0609
20,55,176671.5149
20,43,180159.2155
20,32,168941.0342
20,51,60758.26993
20,50,71387.40507
20,49,70080.6828
20,33,76713.19664
20,26,15251.37082
20,19,9639.621467
20,18,4575.585429
20,59,286959.6555
20,22,277644.4829
20,21,279494.3414
20,20,324690.644
20,13,321469.5009
20,12,323785.5629
20,23,205382.4114
20,17,156380.9872
20,14,231942.2859
20,11,209467.9829
20,16,260720.8037
20,27,465146.1374
20,7,511390.3472
20,41,1271543.599
20,6,582070.8686
20,34,813426.3522
20,57,312740.1727
20,25,265134.4407
20,28,454116.6318
20,30,1101238.362
20,24,275442.009
20,15,297883.91
20,29,341620.1853
20,10,364940.2651
20,9,347702.3118
20,1,577622.8124
20,8,643330.5265
20,5,618496.312
20,31,1539892.404
20,53,1030613.464
20,35,975783.2799
20,4,713394.1806
20,3,710338.1421
20,2,806549.2957
21,39,687408.4264
21,38,685606.1498
21,37,688456.372
21,36,681024.5941
21,56,720907.436
21,52,718997.4526
21,47,657002.1264
21,54,471552.3712
21,48,399826.2609
21,46,391066.5001
21,45,404419.9127
21,44,404608.5263
21,42,400751.0542
21,40,391979.5144
21,58,382395.3541
21,55,381563.7381
21,43,385205.9496
21,32,376978.2138
21,51,268728.1533
21,50,278542.054
21,49,277580.0696
21,33,284107.8819
21,26,203962.674
21,19,210886.9959
21,18,210675.9622
21,59,99405.92295
21,22,88396.65695
21,21,89952.94818
21,20,132442.4625
21,13,129502.4276
21,12,143423.6427
21,23,3469.615607
21,17,55241.60737
21,14,47607.02473
21,11,2844.834734
21,16,71252.25258
21,27,259723.5266
21,7,303452.2259
21,41,1463676.086
21,6,374067.8978
21,34,996851.9533
21,57,442483.7158
21,25,331754.58
21,28,257827.3557
21,30,1283616.34
21,24,321936.3734
21,15,332604.4137
21,29,214630.4832
21,10,350707.1961
21,9,332838.264
21,1,692900.0909
21,8,457950.6129
21,5,725640.2514
21,31,1705837.441
21,53,1166801.362
21,35,1111957.082
21,4,770753.4841
21,3,767544.0008
21,2,876354.5225
22,39,687711.2355
22,38,685930.7549
22,37,688710.8982
22,36,681416.171
22,56,719408.6786
22,52,715585.1784
22,47,654072.6227
22,54,470572.7997
22,48,397230.4402
22,46,388419.5641
22,45,401780.237
22,44,402048.1101
22,42,398102.9608
22,40,389412.4329
22,58,381380.2329
22,55,380550.2239
22,43,384158.1688
22,32,374424.2771
22,51,266373.0461
22,50,276639.7015
22,49,275536.6412
22,33,281005.2017
22,26,200575.9115
22,19,207855.5976
22,18,207999.6018
22,59,111249.1443
22,22,100257.4097
22,21,101734.3085
22,20,142992.3108
22,13,140144.1285
22,12,155372.4131
22,23,11288.02725
22,17,49830.43866
22,14,61148.4918
22,11,11828.31712
22,16,83547.82611
22,27,265682.5221
22,7,307169.9046
22,41,1456217.829
22,6,376847.7839
22,34,988570.6028
22,57,431709.0327
22,25,319298.9306
22,28,254854.693
22,30,1275081.649
22,24,309007.5251
22,15,319368.0452
22,29,202777.0171
22,10,336910.0942
22,9,319046.0078
22,1,680881.5164
22,8,453324.7821
22,5,713298.9601
22,31,1695781.254
22,53,1155235.04
22,35,1100418.287
22,4,757240.5663
22,3,754030.6084
22,2,862980.2565
23,39,783048.013
23,38,781124.6124
23,37,784391.3515
23,36,776161.3526
23,56,826959.7173
23,52,834774.219
23,47,770827.8971
23,54,577220.4014
23,48,514448.5127
23,46,506039.5684
23,45,519173.2782
23,44,519005.881
23,42,515592.3254
23,40,506586.5556
23,58,489781.0574
23,55,488958.1195
23,43,492701.2468
23,32,491753.0375
23,51,384857.4482
23,50,392528.7496
23,49,392190.3704
23,33,402804.9645
23,26,325665.7837
23,19,331198.2872
23,18,329760.3361
23,59,39453.64176
23,22,48825.50431
23,21,46985.09152
23,20,1808.541383
23,13,4935.205981
23,12,28785.32869
23,23,137136.7077
23,17,187089.7144
23,14,95458.30739
23,11,133988.5736
23,16,66318.36733
23,27,146618.1222
23,7,204776.3147
23,41,1593466.119
23,6,278808.6243
23,34,1128660.286
23,57,575844.8196
23,25,460941.5697
23,28,226475.865
23,30,1415814.944
23,24,448323.6253
23,15,456147.6151
23,29,285043.1545
23,10,459453.6796
23,9,442795.9724
23,1,823500.3231
23,8,425838.959
23,5,854789.3592
23,31,1839509.506
23,53,1298752.569
23,35,1243986.247
23,4,888012.4961
23,3,884802.2084
23,2,995933.3947
24,39,778243.7939
24,38,776322.19
24,37,779582.3106
24,36,771364.7522
24,56,822001.2101
24,52,829712.2845
24,47,765779.6162
24,54,572241.1714
24,48,509380.2546
24,46,500968.6248
24,45,514104.5417
24,44,513939.3584
24,42,510522.8112
24,40,501517.8301
24,58,484769.4853
24,55,483946.3223
24,43,487689.0632
24,32,486682.2389
24,51,379772.7899
24,50,387453.3444
24,49,387112.06
24,33,397715.1982
24,26,320580.1843
24,19,326108.9554
24,18,324669.7648
24,59,34374.86346
24,22,43747.90077
24,21,41909.12573
24,20,3538.401783
24,13,899.921815
24,12,28574.10881
24,23,132418.247
24,17,182212.5778
24,14,90408.85374
24,11,129308.8528
24,16,61273.12617
24,27,151327.6571
24,7,209095.4986
24,41,1588428.606
24,6,283139.7088
24,34,1123691.404
24,57,571234.6014
24,25,456735.9679
24,28,228183.6189
24,30,1410863.782
24,24,444297.4673
24,15,452290.3685
24,29,283127.2733
24,10,456331.2315
24,9,439604.4047
24,1,819226.7664
24,8,428161.0894
24,5,850639.1196
24,31,1834761.195
24,53,1294358.363
24,35,1239582.23
24,4,884620.1025
24,3,881409.353
24,2,992424.0542
25,39,739351.1628
25,38,737448.9815
25,37,740638.5924
25,36,732554.0923
25,56,781425.0241
25,52,787861.5156
25,47,724121.6557
25,54,531471.5508
25,48,467458.079
25,46,459004.7154
25,45,472174.3289
25,44,472043.6248
25,42,468580.7131
25,40,459589.2117
25,58,443628.2373
25,55,442802.4673
25,43,446539.2437
25,32,444722.284
25,51,337570.0049
25,50,345429.7705
25,49,345036.1802
25,33,355367.4895
25,26,278067.6644
25,19,283631.2665
25,18,282233.4662
25,59,9752.952036
25,22,1281.813046
25,21,842.387529
25,20,46024.858
25,13,42822.96661
25,12,53871.72992
25,23,93115.4907
25,17,141113.1307
25,14,48048.55842
25,11,90447.69663
25,16,19107.78168
25,27,190519.5441
25,7,244992.0524
25,41,1546037.122
25,6,318806.6405
25,34,1081681.719
25,57,531858.8099
25,25,420707.5537
25,28,243608.9252
25,30,1368957.865
25,24,409777.5851
25,15,419165.41
25,29,267610.9049
25,10,429386.2674
25,9,412127.1836
25,1,782372.3803
25,8,446892.708
25,5,814745.5718
25,31,1794211.4
25,53,1256460.877
25,35,1201617.23
25,4,854808.7081
25,3,851596.3991
25,2,961600.491
26,39,717175.9435
26,38,715289.9994
26,37,718422.0129
26,36,710446.9317
26,56,757848.8939
26,52,763115.9287
26,47,699574.3788
26,54,507797.1897
26,48,442684.5284
26,46,434187.4474
26,45,447390.9037
26,44,447297.5875
26,42,443785.1572
26,40,434810.5731
26,58,419649.5956
26,55,418821.7537
26,43,422550.985
26,32,419912.9374
26,51,312502.5188
26,50,320579.8623
26,49,320124.2043
26,33,330096.1722
26,26,252483.7097
26,19,258144.2535
26,18,256831.5464
26,59,34954.18172
26,22,24554.04753
26,21,26373.4593
26,20,71767.23966
26,13,68578.24309
26,12,77885.16681
26,23,69696.6322
26,17,115906.5765
26,14,22252.90018
26,11,67497.65023
26,16,7323.400108
26,27,214022.9007
26,7,266450.6291
26,41,1520235.217
26,6,339875.872
26,34,1055919.778
26,57,507276.3171
26,25,398072.5191
26,28,253706.9062
26,30,1343220.983
26,24,388055.1345
26,15,398268.0435
26,29,258637.8397
26,10,412252.8952
26,9,394713.5359
26,1,759052.1502
26,8,457539.9247
26,5,791939.4065
26,31,1768975.305
26,53,1232514.53
26,35,1177641.395
26,4,835429.4503
26,3,832218.029
26,2,941588.8522
27,39,686097.6978
27,38,684303.5699
27,37,687127.4652
27,36,679747.1186
27,56,718930.1918
27,52,716338.3937
27,47,654509.5442
27,54,469748.8976
27,48,397431.0225
27,46,388651.9778
27,45,402009.743
27,44,402226.4641
27,42,398337.4271
27,40,389593.4024
27,58,380567.9093
27,55,379736.7575
27,43,383366.9396
27,32,374594.6117
27,51,266392.3947
27,50,276370.9467
27,49,275358.0769
27,33,281512.9801
27,26,201240.5129
27,19,208291.5063
27,18,208204.7554
27,59,104528.129
27,22,93517.98593
27,21,95056.20129
27,20,137246.6253
27,13,134330.4982
27,12,148581.8015
27,23,2579.393238
27,17,51594.02499
27,14,52969.81448
27,11,4489.081076
27,16,76462.73242
27,27,263152.3524
27,7,306123.7038
27,41,1459693.359
27,6,376420.0064
27,34,992614.7855
27,57,437550.8908
27,25,326469.415
27,28,257985.5643
27,30,1279306.951
27,24,316589.973
27,15,327238.201
27,29,210861.2869
27,10,345500.3558
27,9,327614.8832
27,1,687696.2937
27,8,457479.9047
27,5,720377.9309
27,31,1701101.595
27,53,1161693.299
27,35,1106854.835
27,4,765396.0681
27,3,762186.6421
27,2,870988.0255
28,39,672169.0559
28,38,670351.7075
28,37,673251.2446
28,36,665723.8379
28,56,707071.234
28,52,706948.3673
28,47,644496.6015
28,54,457386.9382
28,48,387169.0248
28,46,378468.5366
28,45,391800.0535
28,44,391912.0414
28,42,388143.3253
28,40,379303.3462
28,58,368331.284
28,55,367499.1546
28,43,371166.5325
28,32,364307.1532
28,51,256053.524
28,50,265415.8032
28,49,264587.6887
28,33,272140.1655
28,26,192562.719
28,19,199080.4461
28,18,198506.538
28,59,101054.8337
28,22,90271.86238
28,21,91995.6802
28,20,136509.4378
28,13,133420.6146
28,12,144107.8616
28,23,18070.53607
28,17,49610.89225
28,14,44707.65906
28,11,20830.78883
28,16,72467.12054
28,27,269987.9182
28,7,316015.4042
28,41,1456345.084
28,6,387401.3542
28,34,990815.897
28,57,441181.5185
28,25,334695.1391
28,28,274993.9656
28,30,1277921.656
28,24,326409.725
28,15,338247.0611
28,29,230834.6919
28,10,360534.1937
28,9,342486.7151
28,1,694286.4824
28,8,475619.8439
28,5,727898.9961
28,31,1702712.203
28,53,1166921.501
28,35,1112021.443
28,4,777474.9947
28,3,774269.2047
28,2,882301.8111
29,39,917449.8122
29,38,916461.5157
29,37,917102.9722
29,36,914243.0191
29,56,897328.009
29,52,839125.3317
29,47,803281.9848
29,54,710946.0171
29,48,623691.5567
29,46,616952.133
29,45,625637.8036
29,44,627585.6684
29,42,623086.3744
29,40,619335.3655
29,58,646599.8332
29,55,646069.1325
29,43,647829.7623
29,32,610207.2115
29,51,553040.4956
29,50,565990.0219
29,49,563017.5368
29,33,547240.5786
29,26,508985.9058
29,19,516637.7543
29,18,521697.0248
29,59,561259.3101
29,22,552390.4858
29,21,553009.8053
29,20,574891.9152
29,13,573599.4442
29,12,599198.8377
29,23,482969.8173
29,17,470176.9025
29,14,529229.8876
29,11,482785.4518
29,16,541530.4334
29,27,600862.2569
29,7,587776.3463
29,41,1358053.436
29,6,611151.1295
29,34,894615.0644
29,57,386589.5923
29,25,290841.5747
29,28,443703.3268
29,30,1143103.213
29,24,266542.3538
29,15,241663.1828
29,29,290729.1485
29,10,159734.9607
29,9,176538.1037
29,1,448003.3461
29,8,463021.9874
29,5,448567.9169
29,31,1473426.128
29,53,882576.6536
29,35,833668.5658
29,4,371975.5632
29,3,369129.5057
29,2,482585.7933
30,39,759487.3293
30,38,758340.5701
30,37,759370.9615
30,36,755678.8312
30,56,748989.8576
30,52,701616.0063
30,47,658474.7896
30,54,546244.919
30,48,457824.8377
30,46,450541.9921
30,45,460198.3221
30,44,461999.6625
30,42,457390.9542
30,40,452843.8849
30,58,477024.7635
30,55,476449.2863
30,43,478445.6855
30,32,442632.339
30,51,379542.2647
30,50,392624.0402
30,49,389678.0603
30,33,374655.2202
30,26,334788.3429
30,19,342403.0451
30,18,347476.4222
30,59,423028.2895
30,22,412955.119
30,21,413939.2913
30,20,444132.1096
30,13,442205.5831
30,12,464895.4773
30,23,332086.305
30,17,309588.0076
30,14,381708.5804
30,11,332797.9055
30,16,399292.4543
30,27,505470.8248
30,7,510249.9234
30,41,1303009.614
30,6,552447.2291
30,34,828871.5348
30,57,263715.551
30,25,134771.0918
30,28,376657.641
30,30,1098187.259
30,24,105626.8863
30,15,83862.25857
30,29,188783.2895
30,10,16190.80303
30,9,2311.789685
30,1,424972.1208
30,8,472549.7394
30,5,443947.3994
30,31,1471429.593
30,53,897343.2047
30,35,844395.8628
30,4,444691.9985
30,3,441492.2858
30,2,554181.7032
31,39,1213504.41
31,38,1211864.082
31,37,1214213.939
31,36,1207766.456
31,56,1231661.584
31,52,1207810.859
31,47,1153601.514
31,54,991306.0368
31,48,908552.521
31,46,899708.2352
31,45,912567.3154
31,44,913453.3523
31,42,908975.2263
31,40,901281.351
31,58,903925.7256
31,55,903125.7396
31,43,906446.1014
31,32,887023.3584
31,51,785364.1889
31,50,797691.2687
31,49,795856.3722
31,33,794461.814
31,26,718000.1022
31,19,726659.817
31,18,728649.0142
31,59,524937.4989
31,22,525645.8486
31,21,524505.1353
31,20,502715.9943
31,13,504499.0105
31,12,527613.115
31,23,541887.7075
31,17,578879.9144
31,14,547639.1718
31,11,538230.2423
31,16,531819.222
31,27,391732.6052
31,7,329911.3757
31,41,1849672.131
31,6,280680.7867
31,34,1376092.065
31,57,805426.2495
31,25,665515.9793
31,28,284423.6292
31,30,1642297.632
31,24,636634.3235
31,15,622779.9619
31,29,406215.8448
31,10,549513.1084
31,9,547737.5875
31,1,954453.0554
31,8,84378.89921
31,5,962233.8541
31,31,1992248.226
31,53,1402473.934
31,35,1353246.023
31,4,886718.8364
31,3,884084.4573
31,2,994256.1673
32,39,1201681.623
32,38,1200038.877
32,37,1202395.865
32,36,1195934.148
32,56,1220052.479
32,52,1196497.226
32,47,1142159.752
32,54,979521.2654
32,48,896858.1237
32,46,888010.4331
32,45,900880.9355
32,44,901760.0392
32,42,897286.2991
32,40,889577.4706
32,58,892096.9272
32,55,891296.3782
32,43,894621.0394
32,32,875304.9892
32,51,773534.8201
32,50,785846.5054
32,49,784018.2091
32,33,782690.5663
32,26,706151.8809
32,19,714804.9068
32,18,716779.6516
32,59,513083.6729
32,22,513750.6842
32,21,512615.1542
32,20,491008.9465
32,13,492777.0604
32,12,515977.5495
32,23,529855.1114
32,17,566888.6862
32,14,535637.8174
32,11,526196.9291
32,16,519871.6378
32,27,380951.6667
32,7,319461.7454
32,41,1840330.116
32,6,271522.5999
32,34,1366562.696
32,57,795234.7565
32,25,655166.9256
32,28,272410.8858
32,30,1633326.449
32,24,626360.2786
32,15,612720.0015
32,29,395027.0534
32,10,540114.0502
32,9,538090.7307
32,1,946171.1876
32,8,72606.83758
32,5,954393.3799
32,31,1984842.04
32,53,1395508.728
32,35,1346108.196
32,4,880833.279
32,3,878177.2318
32,2,988708.8492
33,39,1215686.026
33,38,1214046.109
33,37,1216394.752
33,36,1209949.694
33,56,1233806.358
33,52,1209903.944
33,47,1155717.15
33,54,993481.2724
33,48,910712.3225
33,46,901868.6315
33,45,914725.7323
33,44,915612.9623
33,42,911134.0855
33,40,903442.7914
33,58,906108.5036
33,55,905308.6134
33,43,908628.2448
33,32,889187.3025
33,51,787547.1457
33,50,799876.8138
33,49,798040.8058
33,33,796634.8972
33,26,720186.2918
33,19,728847.1228
33,18,730838.7406
33,59,527115.6893
33,22,527831.9978
33,21,526690.2838
33,20,504866.3919
33,13,506652.2093
33,12,529749.9871
33,23,544103.0066
33,17,581089.5354
33,14,549846.3872
33,11,540445.5789
33,16,534015.5973
33,27,393713.1769
33,7,331833.4256
33,41,1851411.978
33,6,282372.9391
33,34,1377866.733
33,57,807321.8772
33,25,667440.6395
33,28,286633.3776
33,30,1643971.064
33,24,638545.9902
33,15,624653.8799
33,29,408290.2875
33,10,551270.937
33,9,549539.4114
33,1,956005.5728
33,8,86558.66492
33,5,963706.7551
33,31,1993637.538
33,53,1403785.349
33,35,1354589.005
33,4,887839.0704
33,3,885208.6606
33,2,995313.5301
34,39,980085.7141
34,38,978202.4137
34,37,981323.7469
34,36,973365.6462
34,56,1019077.591
34,52,1019193.056
34,47,957089.7938
34,54,769068.4591
34,48,699804.3794
34,46,691080.7164
34,45,704422.5349
34,44,704560.4766
34,42,700760.67
34,40,691944.0204
34,58,680303.114
34,55,679471.5458
34,43,683168.1885
34,32,676944.2408
34,51,568670.9371
34,50,578103.0618
34,49,577274.8121
34,33,584301.394
34,26,504123.2817
34,19,511082.6586
34,18,510819.3144
34,59,236528.6268
34,22,242285.1249
34,21,240589.6103
34,20,202913.6337
34,13,205700.8657
34,12,220606.5791
34,23,302978.0231
34,17,353812.5361
34,14,281551.4999
34,11,298915.4584
34,16,255754.1115
34,27,61499.52039
34,7,3685.041654
34,41,1751314.719
34,6,77695.76593
34,34,1279380.758
34,57,705372.0032
34,25,572164.5821
34,28,144027.5822
34,30,1563087.463
34,24,551267.6502
34,15,550434.2646
34,29,320207.0321
34,10,520072.8846
34,9,507781.5454
34,1,926535.7973
34,8,273684.3967
34,5,950119.9501
34,31,1966299.341
34,53,1403085.61
34,35,1349416.683
34,4,942993.699
34,3,939879.5022
34,2,1054545.559
35,39,1190452.81
35,38,1188764.304
35,37,1191257.273
35,36,1184523.084
35,56,1212267.617
35,52,1192336.25
35,47,1136583.724
35,54,969187.8131
35,48,888124.94
35,46,879235.6018
35,45,892266.5255
35,44,893037.474
35,42,888637.2421
35,40,880705.2954
35,58,881036.0801
35,55,880225.4266
35,43,883630.3635
35,32,866220.9307
35,51,762633.1034
35,50,774614.5822
35,49,772923.5787
35,33,772855.4442
35,26,694990.6183
35,19,703486.7103
35,18,705146.5197
35,59,487893.8289
35,22,489370.3514
35,21,488129.4301
35,20,463625.1702
35,13,465586.7399
35,12,487654.7126
35,23,512369.1584
35,17,552101.3989
35,14,514274.455
35,11,508578.045
35,16,496722.9163
35,27,346296.8378
35,7,283281.4329
35,41,1850663.368
35,6,230927.8817
35,34,1376013.825
35,57,801041.5622
35,25,660157.5596
35,28,253097.9116
35,30,1645778.227
35,24,631964.79
35,15,619833.1613
35,29,394021.5397
35,10,551536.1899
35,9,548066.8397
35,1,962545.1804
35,8,75789.46837
35,5,972773.8973
35,31,2004556.783
35,53,1417220.325
35,35,1367156.608
35,4,906868.151
35,3,904141.0892
35,2,1015773.055
36,39,178780.6715
36,38,179816.8291
36,37,176407.379
36,36,183078.3842
36,56,90639.23484
36,52,16534.42346
36,47,51368.33386
36,54,252122.0311
36,48,307421.6442
36,46,316020.8533
36,45,302742.1198
36,44,302760.888
36,42,306374.7178
36,40,315299.7042
36,58,333696.2682
36,55,334493.4302
36,43,330758.4818
36,32,330253.9126
36,51,438346.9154
36,50,429558.2253
36,49,430153.5569
36,33,422499.8317
36,26,502831.3389
36,19,495724.2315
36,18,495961.5709
36,59,782067.1954
36,22,773527.3944
36,21,775368.9381
36,20,819744.6901
36,13,816533.9408
36,12,814872.7858
36,23,703852.6733
36,17,653640.0761
36,14,729137.5442
36,11,707925.5703
36,16,757317.3863
36,27,963286.4233
36,7,1010043.974
36,41,827971.5713
36,6,1080238.921
36,34,445432.7679
36,57,449228.9056
36,25,560899.4998
36,28,942193.1076
36,30,704252.2792
36,24,590344.0232
36,15,611937.4406
36,29,792656.2285
36,10,702413.8979
36,9,694135.9277
36,1,556820.5545
36,8,1114977.229
36,5,602077.1703
36,31,1177565.958
36,53,811123.2608
36,35,765348.696
36,4,789458.2267
36,3,787678.0219
36,2,826737.5879
37,39,187346.7762
37,38,188363.2819
37,37,184985.1679
37,36,191572.1213
37,56,99378.51374
37,52,12457.1576
37,47,54302.26044
37,54,254907.456
37,48,308039.4725
37,46,316569.6166
37,45,303338.0176
37,44,303425.2382
37,42,306951.8313
37,40,315914.809
37,58,335395.6919
37,55,336186.4495
37,43,332461.0995
37,32,330831.1733
37,51,438751.0106
37,50,430171.5146
37,49,430705.946
37,33,422615.238
37,26,502839.6178
37,19,495829.4031
37,18,496164.0799
37,59,782942.8967
37,22,774325.5716
37,21,776169.011
37,20,820648.0065
37,13,817434.4789
37,12,816068.7156
37,23,703944.6139
37,17,653559.5063
37,14,729766.4286
37,11,708012.3954
37,16,758031.7901
37,27,963811.0352
37,7,1010164.502
37,41,822903.7337
37,6,1080158.803
37,34,437672.1278
37,57,444019.066
37,25,556971.7689
37,28,941171.6937
37,30,697602.6569
37,24,586483.4378
37,15,607912.3894
37,29,790476.2039
37,10,698278.8084
37,9,690185.5465
37,1,548884.0525
37,8,1113035.824
37,5,594041.6347
37,31,1170616.86
37,53,802472.5629
37,35,756645.895
37,4,781766.0751
37,3,780000.376
37,2,818557.0687
38,39,555480.5837
38,38,555372.6451
38,37,554065.5735
38,36,555586.3067
38,56,498326.9039
38,52,413354.1097
38,47,403074.166
38,54,426061.7161
38,48,376091.5401
38,46,376259.5868
38,45,374045.0201
38,44,376336.1244
38,42,374419.923
38,40,378330.1686
38,58,422937.1573
38,55,423052.0027
38,43,421801.7547
38,32,381811.4729
38,51,423202.7554
38,50,427228.5026
38,49,425009.2751
38,33,402771.1575
38,26,443726.1556
38,19,443630.007
38,18,448114.2238
38,59,697095.801
38,22,686166.2881
38,21,687817.3559
38,20,730742.0795
38,13,727834.4212
38,12,740454.1366
38,23,594894.6919
38,17,546806.2491
38,14,640979.6408
38,11,597962.4879
38,16,668517.6259
38,27,839961.3074
38,7,863465.1133
38,41,908403.2827
38,6,918786.8287
38,34,433751.729
38,57,156873.5183
38,25,291149.9272
38,28,748591.8582
38,30,707336.5761
38,24,315808.7083
38,15,324013.0516
38,29,562038.4833
38,10,393330.7789
38,9,394817.3747
38,1,154742.0169
38,8,867304.1042
38,5,202557.705
38,31,1108730.557
38,53,578043.1822
38,35,523165.8605
38,4,375865.6015
38,3,373886.5219
38,2,427488.2788
39,39,516601.8028
39,38,516539.773
39,37,515139.4201
39,36,516879.7118
39,56,458109.1766
39,52,372761.8771
39,47,363130.6303
39,54,394677.0677
39,48,350296.8384
39,46,351240.0412
39,45,347888.4522
39,44,350119.4997
39,42,348577.985
39,40,353181.846
39,58,397860.5638
39,55,398039.1888
39,43,396518.0125
39,32,357932.6931
39,51,408219.7489
39,50,411071.1825
39,49,409046.2392
39,33,387298.7379
39,26,434501.2228
39,19,433601.648
39,18,437783.5776
39,59,696934.5519
39,22,686101.9412
39,21,687799.4407
39,20,731502.731
39,13,728522.2939
39,12,739760.01
39,23,595668.5048
39,17,546288.0683
39,14,640256.9373
39,11,598913.1492
39,16,668333.1602
39,27,845755.4147
39,7,872066.0718
39,41,890572.2565
39,6,929500.6819
39,34,415224.559
39,57,165212.6693
39,25,305095.8809
39,28,761544.2231
39,30,694292.1859
39,24,331621.066
39,15,342406.5409
39,29,577278.6313
39,10,416963.2015
39,9,416927.4402
39,1,190650.028
39,8,887660.724
39,5,238316.449
39,31,1106827.722
39,53,590207.2455
39,35,535703.163
39,4,415750.2848
39,3,413819.209
39,2,464457.8218
40,39,484641.9307
40,38,484502.7755
40,37,483261.2417
40,36,484638.1363
40,56,429710.2961
40,52,348032.1233
40,47,333776.9796
40,54,357909.7794
40,48,313642.3417
40,46,314719.6278
40,45,311180.6576
40,44,313401.7843
40,42,311917.203
40,40,316635.8221
40,58,361295.2657
40,55,361485.1205
40,43,359917.7218
40,32,321644.0156
40,51,374945.8624
40,50,377274.4699
40,49,375337.6833
40,33,353863.723
40,26,404052.6189
40,19,402716.0715
40,18,406721.7092
40,59,671350.7001
40,22,660603.8825
40,21,662329.228
40,20,706477.8563
40,13,703453.1744
40,12,713747.1282
40,23,570949.6774
40,17,520830.453
40,14,614414.9882
40,11,574307.8558
40,16,642790.2999
40,27,824151.0808
40,7,852595.9083
40,41,904761.9208
40,6,911665.5586
40,34,430251.5622
40,57,151712.8881
40,25,292849.0172
40,28,745897.8095
40,30,713053.688
40,24,320750.3203
40,15,333879.6807
40,29,564202.5605
40,10,413131.7513
40,9,411470.2149
40,1,225404.855
40,8,878730.2457
40,5,273209.7589
40,31,1133134.537
40,53,624058.5427
40,35,569754.1043
40,4,446089.8899
40,3,444034.8131
40,2,498653.4713
41,39,978414.9375
41,38,980298.6446
41,37,975837.9923
41,36,985551.2301
41,56,885673.879
41,52,821217.3404
41,47,885971.7158
41,54,1080479.532
41,48,1110166.929
41,46,1117100.951
41,45,1105548.446
41,44,1106516.862
41,42,1108627.81
41,40,1117394.621
41,58,1148954.734
41,55,1149640.152
41,43,1146185.122
41,32,1130646.458
41,51,1227989.231
41,50,1223594.8
41,49,1223064.228
41,33,1207839.054
41,26,1279882.241
41,19,1275379.301
41,18,1277659.517
41,59,1564930.868
41,22,1554832.92
41,21,1556653.373
41,20,1602002.511
41,13,1598829.702
41,12,1604177.655
41,23,1470437.042
41,17,1418565.439
41,14,1508074.211
41,11,1474159.914
41,16,1537201.733
41,27,1730890.421
41,7,1764033.495
41,41,10047.70817
41,6,1825233.615
41,34,485281.5453
41,57,1064967.374
41,25,1205560.674
41,28,1660642.446
41,30,231486.2463
41,24,1232053.159
41,15,1241881.166
41,29,1477743.788
41,10,1310015.997
41,9,1312577.021
41,1,920415.0631
41,8,1785337.786
41,5,927257.162
41,31,450709.0653
41,53,629401.1942
41,35,643418.7548
41,4,1082813.003
41,3,1083727.607
41,2,1023631.625
42,39,974282.895
42,38,976165.2165
42,37,971705.2651
42,36,981414.7567
42,56,881495.9227
42,52,816933.7041
42,47,881671.7604
42,54,1076140.219
42,48,1105790.07
42,46,1112722.519
42,45,1101171.917
42,44,1102140.983
42,42,1104250.689
42,40,1113016.867
42,58,1144587.387
42,55,1145272.627
42,43,1141818.149
42,32,1126266.841
42,51,1223601.751
42,50,1219208.674
42,49,1218677.741
42,33,1203451.028
42,26,1275493.706
42,19,1270990.569
42,18,1273270.744
42,59,1560544.154
42,22,1550446.601
42,21,1552267.086
42,20,1597616.46
42,13,1594443.596
42,12,1599789.583
42,23,1466055.513
42,17,1414183.208
42,14,1503688.058
42,11,1469778.678
42,16,1532815.673
42,27,1726515.504
42,7,1759672.002
42,41,5671.745444
42,6,1820884.661
42,34,480989.6567
42,57,1060659.558
42,25,1201262.603
42,28,1656317.254
42,30,227921.9929
42,24,1227765.443
42,15,1237611.538
42,29,1473444.66
42,10,1305799.081
42,9,1308343.572
42,1,916403.5289
42,8,1781101.297
42,5,923342.2693
42,31,452717.5668
42,53,626749.6727
42,35,640483.7518
42,4,1079165.83
42,3,1080073.495
42,2,1020219.519
43,39,977598.7438
43,38,979467.6784
43,37,975014.9056
43,36,984687.5424
43,56,884365.147
43,52,818502.4925
43,47,882974.8627
43,54,1076682.231
43,48,1105223.26
43,46,1112082.371
43,45,1100620.176
43,44,1101617.445
43,42,1103672.289
43,40,1112408.701
43,58,1144380.669
43,55,1145059.908
43,43,1141624.07
43,32,1125567.038
43,51,1222313.168
43,50,1218070.887
43,49,1217504.644
43,33,1202080.013
43,26,1273702.618
43,19,1269286.839
43,18,1271623.323
43,59,1558449.251
43,22,1548311.846
43,21,1550129.217
43,20,1595454.404
43,13,1592286.715
43,12,1597875.551
43,23,1463581.892
43,17,1411752.717
43,14,1501539.44
43,11,1467288.459
43,16,1530657.101
43,27,1723718.827
43,7,1756421.141
43,41,14289.85108
43,6,1817305.495
43,34,476496.2869
43,57,1056315.883
43,25,1196753.644
43,28,1652246.785
43,30,218366.2277
43,24,1223099.114
43,15,1232691.673
43,29,1468938.562
43,10,1300238.923
43,9,1302969.884
43,1,909094.582
43,8,1775746.387
43,5,915400.5656
43,31,440885.1693
43,53,614322.643
43,35,628720.5481
43,4,1069814.412
43,3,1070753.536
43,2,1009912.342
44,39,307863.595
44,38,306223.8983
44,37,308583.5504
44,36,302152.8144
44,56,336469.6163
44,52,345103.8295
44,47,279814.1556
44,54,87042.7973
44,48,45588.31719
44,46,44579.18152
44,45,48630.33176
44,44,46628.91344
44,42,47351.69656
44,40,42510.55795
44,58,2926.429761
44,55,3617.034746
44,43,1178.760892
44,32,41666.50975
44,51,120304.6027
44,50,108288.9068
44,49,109946.7497
44,33,112651.6471
44,26,187883.7683
44,19,179394.1523
44,18,177896.0711
44,59,453125.2165
44,22,445057.8488
44,21,446882.691
44,20,490580.8336
44,13,487390.12
44,12,484521.0755
44,23,382234.7048
44,17,335069.066
44,14,402004.9939
44,11,386319.4874
44,16,429443.1472
44,27,636132.5755
44,7,686065.207
44,41,1136109.491
44,6,757963.1434
44,34,699256.7969
44,57,329901.2803
44,25,358370.019
44,28,633569.2888
44,30,983195.7399
44,24,380424.8383
44,15,405330.6827
44,29,511842.9061
44,10,489658.0139
44,9,475209.8714
44,1,569856.0915
44,8,821264.6321
44,5,616270.668
44,31,1439996.699
44,53,975614.8661
44,35,922351.6649
44,4,753236.6439
44,3,750502.9604
44,2,829968.9605
45,39,572711.7605
45,38,571855.4851
45,37,572187.5811
45,36,570018.8778
45,56,548946.5097
45,52,492934.385
45,47,454977.0866
45,54,378423.202
45,48,297576.877
45,46,292813.3553
45,45,298243.5164
45,44,300485.876
45,42,296525.3926
45,40,295302.4202
45,58,332163.6428
45,55,331866.0768
45,43,332483.0398
45,32,290310.2322
45,51,277815.7587
45,50,286949.6113
45,49,284052.7351
45,33,262213.9862
45,26,272282.1351
45,19,275222.7696
45,18,280529.8179
45,59,495722.8543
45,22,484718.4969
45,21,486289.0834
45,20,527880.3185
45,13,525083.0741
45,12,539628.1623
45,23,392880.8643
45,17,347464.2829
45,14,440929.0913
45,11,395662.8302
45,16,467375.5323
45,27,632535.9441
45,7,655588.6845
45,41,1108867.447
45,6,711508.2879
45,34,633640.9189
45,57,53904.67402
45,25,87389.16296
45,28,542803.3114
45,30,912733.8051
45,24,115761.2446
45,15,131365.4902
45,29,359071.7453
45,10,217789.6172
45,9,212619.2349
45,1,300259.5381
45,8,673763.5102
45,5,337602.8881
45,31,1315517.953
45,53,770644.9468
45,35,715756.1544
45,4,432996.6736
45,3,430043.465
45,2,522382.2267
46,39,312020.3776
46,38,310659.6996
46,37,312248.0263
46,36,307413.1042
46,56,322909.4972
46,52,314591.9882
46,47,252513.4933
46,54,94566.77112
46,48,13908.88752
46,46,17613.1155
46,45,11913.48205
46,44,14276.73038
46,42,12171.01462
46,40,18583.52917
46,58,61910.80898
46,55,62183.66003
46,43,60324.86971
46,32,30737.35773
46,51,136569.5772
46,50,128600.2008
46,49,128897.939
46,33,120558.0565
46,26,201002.5528
46,19,193760.7905
46,18,193951.389
46,59,481635.201
46,22,472772.5167
46,21,474620.2649
46,20,519401.9298
46,13,516181.4871
46,12,516141.5021
46,23,401868.3435
46,17,351882.6154
46,14,427811.7105
46,11,405944.055
46,16,456257.3273
46,27,661647.7878
46,7,708038.6299
46,41,1089943.706
46,6,778385.0164
46,34,646355.5701
46,57,279609.0729
46,25,325685.7311
46,28,644233.9535
46,30,931792.9661
46,24,350392.271
46,15,375115.5309
46,29,508060.9507
46,10,462926.8457
46,9,449872.0114
46,1,512494.5892
46,8,824839.345
46,5,559222.6622
46,31,1385411.402
46,53,916369.6243
46,35,863035.476
46,4,701052.7601
46,3,698387.7129
46,2,775008.305
47,39,282929.2106
47,38,281552.335
47,37,283185.2093
47,36,278263.2719
47,56,296280.9498
47,52,293358.7038
47,47,229741.8993
47,54,66023.71758
47,48,28265.91877
47,46,37175.62924
47,45,24005.95279
47,44,23368.46202
47,42,27647.57254
47,40,35955.18284
47,58,61869.77161
47,55,62472.24408
47,43,59312.38946
47,32,50891.76037
47,51,159029.0345
47,50,149644.5326
47,49,150375.8755
47,33,144912.9749
47,26,225203.0705
47,19,217563.3469
47,18,217289.2787
47,59,502015.1151
47,22,493439.9691
47,21,495281.9833
47,20,539713.7928
47,13,536500.7411
47,12,535324.8219
47,23,425120.1056
47,17,375828.5726
47,14,449097.2468
47,11,429207.2612
47,16,477231.0759
47,27,683323.0762
47,7,730938.2355
47,41,1078009.678
47,6,801812.7227
47,34,640361.5075
47,57,302808.7509
47,25,354169.0367
47,28,670153.8909
47,30,924242.4069
47,24,379159.0018
47,15,403835.7883
47,29,536376.2959
47,10,491903.5478
47,9,478949.4395
47,1,528358.5059
47,8,852253.2183
47,5,575496.9641
47,31,1381339.218
47,53,921926.9938
47,35,869050.3628
47,4,722073.4455
47,3,719460.8059
47,2,793584.915
48,39,297920.5264
48,38,296471.3462
48,37,298296.7241
48,36,292968.0368
48,56,314802.184
48,52,313484.213
48,47,249711.4281
48,54,76764.30485
48,48,12141.20955
48,46,19996.38125
48,45,10789.6759
48,44,8524.515613
48,42,12754.90286
48,40,18057.94011
48,58,44753.22605
48,55,45229.28795
48,43,42561.43995
48,32,32124.40312
48,51,139479.1793
48,50,129804.9968
48,49,130618.5306
48,33,126067.8544
48,26,206073.7654
48,19,198299.9778
48,18,197873.4358
48,59,481919.1178
48,22,473372.2131
48,21,475213.4475
48,20,519609.0098
48,13,516396.8039
48,12,515156.257
48,23,405535.1235
48,17,356474.4898
48,14,429109.8385
48,11,409624.1079
48,16,457199.2903
48,27,663366.232
48,7,711211.5295
48,41,1097338.835
48,6,782213.366
48,34,657970.7764
48,57,301929.4596
48,25,345292.1236
48,28,651587.6015
48,30,942400.8731
48,24,369440.619
48,15,394246.7957
48,29,520100.8255
48,10,481352.7521
48,9,467941.6225
48,1,534138.922
48,8,834780.091
48,5,580966.6966
48,31,1398341.048
48,53,934468.6702
48,35,881333.9733
48,4,723422.4658
48,3,720758.6796
48,2,797178.2407
49,39,300433.9699
49,38,299019.3168
49,37,300751.5994
49,36,295616.9131
49,56,315101.3369
49,52,311474.7423
49,47,248193.2802
49,54,80636.18462
49,48,9424.805536
49,46,18336.11034
49,45,5558.513055
49,44,4519.613419
49,42,8969.873079
49,40,17133.6156
49,58,51074.03799
49,55,51499.16519
49,43,49026.5263
49,32,32115.68014
49,51,140361.8461
49,50,131197.874
49,49,131851.6276
49,33,126070.7587
49,26,206385.6183
49,19,198774.6504
49,18,198546.9942
49,59,483902.4561
49,22,475255.8362
49,21,477099.5286
49,20,521624.1058
49,13,518408.7196
49,12,517535.434
49,23,406430.4015
49,17,357052.0448
49,14,430764.2431
49,11,410516.4326
49,16,458972.5539
49,27,664933.1153
49,7,712322.3265
49,41,1092971.169
49,6,783120.1197
49,34,652491.3536
49,57,295241.005
49,25,340285.8005
49,28,651314.7975
49,30,937187.038
49,24,364694.5291
49,15,389466.0951
49,29,518165.9363
49,10,476896.0801
49,9,463638.6746
49,1,526948.466
49,8,833629.7029
49,5,573784.5276
49,31,1392572.835
49,53,927620.839
49,35,874452.2114
49,4,716512.6484
49,3,713853.9691
49,2,790085.595
50,39,333195.6646
50,38,331737.8503
50,37,333584.7571
50,36,328204.4771
50,56,349019.8142
50,52,343435.865
50,47,280904.0469
50,54,111415.9311
50,48,24524.17011
50,46,15642.27233
50,45,28767.9879
50,44,29437.22661
50,42,25101.56044
50,40,17283.68929
50,58,49882.19635
50,55,49759.62962
50,43,49656.49485
50,32,6851.989036
50,51,107673.6537
50,50,99429.58334
50,49,99781.20764
50,33,92455.72166
50,26,172902.5077
50,19,165447.8823
50,18,165430.332
50,59,452498.3959
50,22,443669.1136
50,21,445516.3063
50,20,490260.9463
50,13,487041.0362
50,12,486929.5752
50,23,373404.9568
50,17,323715.9987
50,14,398798.7415
50,11,377486.0993
50,16,427195.8011
50,27,632739.1
50,7,679482.7196
50,41,1118308
50,6,750036.4526
50,34,672793.4395
50,57,281383.2492
50,25,314430.9606
50,28,617434.0772
50,30,958754.0074
50,24,337708.7934
50,15,362588.4651
50,29,484788.3397
50,10,448736.735
50,9,434970.0162
50,1,523066.384
50,8,799770.1939
50,5,569220.0466
50,31,1410731.398
50,53,935841.1371
50,35,882196.6644
50,4,704739.3075
50,3,702002.4461
50,2,781894.1898
51,39,306658.8197
51,38,305251.0679
51,37,306964.5324
51,36,301867.9259
51,56,320606.3471
51,52,315680.3607
51,47,252744.7135
51,54,87008.09945
51,48,5118.525165
51,46,13287.25618
51,45,1218.265804
51,44,3587.384348
51,42,3692.215116
51,40,12738.2306
51,58,52228.47631
51,55,52564.04424
51,43,50455.61243
51,32,27535.72006
51,51,135699.0267
51,50,126876.7503
51,49,127423.6134
51,33,120921.5555
51,26,201336.6051
51,19,193820.2473
51,18,193706.958
51,59,479828.6476
51,22,471112.9321
51,21,472958.1075
51,20,517568.5055
51,13,514351.2023
51,12,513747.3419
51,23,401659.0101
51,17,352104.8258
51,14,426470.2298
51,11,405742.6943
51,16,454755.3752
51,27,660558.2211
51,7,707654.8173
51,41,1095087.51
51,6,778327.0148
51,34,653308.5427
51,57,290004.2705
51,25,334011.8288
51,28,645902.7481
51,30,938335.6882
51,24,358372.8719
51,15,383150.1625
51,29,512121.9147
51,10,470541.2846
51,9,457273.0705
51,1,523149.3572
51,8,827840.9018
51,5,569893.7589
51,31,1392953.375
51,53,925941.9382
51,35,872678.9474
51,4,711639.3521
51,3,708970.3437
51,2,785701.6919
52,39,311404.7512
52,38,309930.1848
52,37,311823.8259
52,36,306350.2748
52,56,329200.9555
52,52,327410.9616
52,47,263857.1361
52,54,89349.75363
52,48,9466.225797
52,46,9251.332366
52,45,13637.14461
52,44,12475.34079
52,42,11230.39299
52,40,6774.355133
52,58,39014.79048
52,55,39255.6987
52,43,37572.98972
52,32,17955.26921
52,51,125100.3653
52,50,115547.8061
52,49,116313.7222
52,33,111671.2039
52,26,191653.6205
52,19,183883.6916
52,18,183472.7185
52,59,467947.1629
52,22,459349.3891
52,21,461191.8828
52,20,505654.749
52,13,502440.7752
52,12,501418.1667
52,23,391175.8344
52,17,342069.32
52,14,414981.288
52,11,395264.3583
52,16,443123.6683
52,27,649207.0061
52,7,696904.9025
52,41,1109034.844
52,6,767861.0087
52,34,667655.1137
52,57,297294.0306
52,25,335422.8283
52,28,637202.5197
52,30,952640.3985
52,24,359048.2631
52,15,383905.6412
52,29,506361.3318
52,10,470402.6588
52,9,456745.6011
52,1,533885.1153
52,8,820624.6303
52,5,580446.0043
52,31,1407296.404
52,53,939367.2539
52,35,886027.0244
52,4,719865.193
52,3,717167.0888
52,2,795175.8989
53,39,313929.0962
53,38,312387.7872
53,37,314465.8305
53,36,308610.1922
53,56,335810.5874
53,52,337615.238
53,47,273403.7572
53,54,91046.78994
53,48,23991.82185
53,46,21472.54627
53,45,27908.68528
53,44,26381.64538
53,42,25764.31304
53,40,19551.43736
53,58,25243.17559
53,55,25368.17321
53,43,24259.04892
53,32,20056.49661
53,51,117690.2285
53,50,107186.2851
53,49,108263.6721
53,33,106227.8541
53,26,185045.4244
53,19,176983.6792
53,18,176186.9847
53,59,458057.9802
53,22,449623.5475
53,21,451461.5281
53,20,495705.8681
53,13,492497.6644
53,12,490899.744
53,23,383163.9924
53,17,334672.3149
53,14,405647.6743
53,11,387255.0902
53,16,433583.0418
53,27,639956.614
53,7,688409.8066
53,41,1122182.63
53,6,759703.3967
53,34,681793.3225
53,57,307502.8064
53,25,340373.6821
53,28,631212.5927
53,30,966586.7614
53,24,363257.9099
53,15,388157.3432
53,29,503778.2596
53,10,473688.6817
53,9,459660.5959
53,1,546625.9852
53,8,816279.0314
53,5,593044.7706
53,31,1421634.823
53,53,953745.3826
53,35,900372.1434
53,4,730621.2369
53,3,727899.7779
53,2,806922.8038
54,39,592453.0464
54,38,591551.8645
54,37,591989.2094
54,36,589588.6541
54,56,570686.4626
54,52,516030.6903
54,47,477183.2702
54,54,394627.7574
54,48,311917.2404
54,46,306678.6195
54,45,312878.3224
54,44,315068.7474
54,42,310958.9549
54,40,309163.7353
54,58,344355.9134
54,55,344011.2701
54,43,344853.0437
54,32,303240.1757
54,51,282465.5175
54,50,292389.9478
54,49,289427.0888
54,33,268175.1582
54,26,271095.6953
54,19,274767.6463
54,18,280181.4123
54,59,482833.9077
54,22,471824.175
54,21,473351.9708
54,20,514179.8664
54,13,511445.5446
54,12,526880.7533
54,23,380014.2892
54,17,336122.4614
54,14,428821.1724
54,11,382635.8155
54,16,454676.7798
54,27,615388.2651
54,7,636900.8048
54,41,1130630.655
54,6,691767.4388
54,34,655306.3479
54,57,76608.32447
54,25,64989.97261
54,28,522050.5644
54,30,933326.5424
54,24,92480.86473
54,15,107392.2943
54,29,337175.6671
54,10,193884.5159
54,9,188584.2301
54,1,310050.7712
54,8,650553.692
54,5,345231.8233
54,31,1332709.766
54,53,783555.8623
54,35,728775.5763
54,4,429689.9751
54,3,426671.3201
54,2,522351.3309
55,39,620413.0076
55,38,621752.6004
55,37,617878.9578
55,36,625716.467
55,56,523764.3669
55,52,430209.5053
55,47,481838.6765
55,54,648981.1039
55,48,658039.044
55,46,663677.3217
55,45,653756.7287
55,44,655158.2786
55,42,656346.6939
55,40,664466.9996
55,58,701912.0277
55,55,702482.3216
55,43,699413.9993
55,32,676046.0361
55,51,763817.1814
55,50,761419.2633
55,49,760430.8121
55,33,742836.7336
55,26,809415.0027
55,19,805890.2989
55,18,808779.1294
55,59,1090269.601
55,22,1079852.898
55,21,1081641.256
55,20,1126662.041
55,13,1123541.259
55,12,1131030.428
55,23,992898.0397
55,17,941505.1614
55,14,1033111.02
55,11,996483.6362
55,16,1062065.915
55,27,1250656.192
55,7,1281274.563
55,41,476190.989
55,6,1341074.367
55,34,1283.178874
55,57,579021.9741
55,25,719471.5879
55,28,1175113.309
55,30,288308.5248
55,24,745939.9293
55,15,755949.9133
55,29,991658.8102
55,10,825722.3647
55,9,827619.4943
55,1,455382.1753
55,8,1300134.243
55,5,473354.8831
55,31,742877.8318
55,53,409258.4013
55,35,377741.903
55,4,655772.0846
55,3,655814.578
55,2,628968.447
56,39,944557.7508
56,38,945458.3611
56,37,942262.935
56,36,948307.73
56,56,854516.0525
56,52,753630.6604
56,47,787882.934
56,54,904630.1493
56,48,880119.7234
56,46,882612.4724
56,45,876984.1333
56,44,879020.4417
56,42,878343.2287
56,40,884261.2294
56,58,928143.5694
56,55,928452.9954
56,43,926384.4518
56,32,891210.7972
56,51,947900.5679
56,50,950685.4632
56,49,948689.3269
56,33,926984.3379
56,26,971278.2425
56,19,971098.2723
56,18,975528.3568
56,59,1216456.033
56,22,1205447.943
56,21,1207004.831
56,20,1248128.924
56,13,1245387.552
56,12,1260403.281
56,23,1113596.952
56,17,1068048.778
56,14,1161704.945
56,11,1116320.998
56,16,1188150.471
56,27,1343435.66
56,7,1356930.827
56,41,630003.1815
56,6,1402585.939
56,34,376899.9436
56,57,677124.1209
56,25,790266.7316
56,28,1226930.446
56,30,414500.7458
56,24,807127.9667
56,15,805413.4837
56,29,1037960.648
56,10,841356.757
56,9,851074.1589
56,1,428940.4841
56,8,1298530.894
56,5,406470.9791
56,31,633779.8764
56,53,50535.57123
56,35,7005.992446
56,4,492077.8649
56,3,493939.712
56,2,407930.473
57,39,418040.0725
57,38,416445.3405
57,37,418670.6997
57,36,412499.8193
57,56,440007.6309
57,52,434766.7551
57,47,372737.5613
57,54,195495.1528
57,48,116044.5418
57,46,107182.5417
57,45,120531.9439
57,44,120903.9337
57,42,116850.2234
57,40,108287.8451
57,58,109489.6851
57,55,108733.0825
57,43,111771.7659
57,32,93371.12766
57,51,19530.88478
57,50,22294.02421
57,49,19765.47909
57,33,3162.725102
57,26,80978.52496
57,19,73516.85003
57,18,73705.02267
57,59,363016.2582
57,22,353862.9475
57,21,355713.0642
57,20,400783.5785
57,13,397560.9211
57,12,398956.3538
57,23,281592.4066
57,17,231767.2678
57,14,308396.667
57,11,285668.7244
57,16,337075.398
57,27,541768.0498
57,7,587765.0371
57,41,1198872.192
57,6,658149.6492
57,34,744734.2464
57,57,280777.4043
57,25,270102.4841
57,28,526472.4114
57,30,1032244.559
57,24,287718.4612
57,15,312176.1981
57,29,401005.6246
57,10,390927.3644
57,9,375268.7995
57,1,541196.2667
57,8,711441.9173
57,5,584698.6964
57,31,1476226.495
57,53,979947.7356
57,35,925457.0222
57,4,698206.5987
57,3,695273.3634
57,2,784779.7924
58,39,415958.6216
58,38,414309.8439
58,37,416692.0759
58,36,410202.8456
58,56,441700.6972
58,52,440314.4047
58,47,377369.901
58,54,194543.4768
58,48,120036.7934
58,46,111406.4249
58,45,124697.2057
58,44,124749.3335
58,42,121056.9341
58,40,112162.1805
58,58,106364.9451
58,55,105563.5805
58,43,108904.8883
58,32,97184.37715
58,51,12205.79449
58,50,5201.614734
58,49,3251.561165
58,33,20107.17232
58,26,79810.34016
58,19,71436.76219
58,18,70342.0844
58,59,355621.5484
58,22,346744.1415
58,21,348591.8744
58,20,393391.9817
58,13,390170.9998
58,12,390501.9193
58,23,277495.7254
58,17,228768.2028
58,14,301860.233
58,11,281585.4684
58,16,330248.5454
58,27,535875.872
58,7,583187.1107
58,41,1209870.009
58,6,654161.1948
58,34,757576.7735
58,57,297865.8115
58,25,284676.6153
58,28,525901.3048
58,30,1044888.836
58,24,301473.9284
58,15,325759.5685
58,29,405758.6126
58,10,403033.5831
58,9,387077.8532
58,1,558260.1025
58,8,713190.3869
58,5,601795.4729
58,31,1490318.202
58,53,996130.7742
58,35,941683.0557
58,4,714934.3401
58,3,711994.441
58,2,801771.4482
59,39,414950.5034
59,38,413282.3216
59,37,415721.8985
59,36,409117.0218
59,56,442087.6295
59,52,442141.1571
59,47,378881.0424
59,54,194159.5191
59,48,121712.792
59,46,113211.1878
59,45,126413.9114
59,44,126349.9295
59,42,122805.517
59,40,113836.8005
59,58,105474.3335
59,55,104661.0002
59,43,108096.9515
59,32,98933.77963
59,51,14898.53741
59,50,1477.592834
59,49,4513.398617
59,33,26479.72266
59,26,80716.60961
59,19,72108.02013
59,18,70535.74137
59,59,353423.9019
59,22,344659.4602
59,21,346505.2681
59,20,391178.3323
59,13,387959.3457
59,12,387870.7538
59,23,276633.4357
59,17,228381.415
59,14,300032
59,11,280724.5511
59,16,328287.7161
59,27,534200.3736
59,7,582005.2306
59,41,1213680.076
59,6,653190.5079
59,34,762124.2237
59,57,304237.7303
59,25,290371.2832
59,28,526243.8267
59,30,1049345.668
59,24,306908.8631
59,15,331133.9971
59,29,408086.7323
59,10,407909.1165
59,9,391858.0012
59,1,564574.2486
59,8,714353.6266
59,5,608135.2425
59,31,1495339.812
59,53,1002021.707
59,35,947593.1821
59,4,721241.6191
59,3,718300.0652
59,2,808135.9893
60,39,536538.0556
60,38,536220.1679
60,37,535352.2944
60,36,535867.7867
60,56,488296.3092
60,52,411093.4904
60,47,391560.1222
60,54,388415.751
60,48,330862.7322
60,46,330119.7492
60,45,329276.9854
60,44,331618.9505
60,42,329264.6226
60,40,332318.6746
60,58,376474.1405
60,55,376516.3043
60,43,375582.5197
60,32,334362.9535
60,51,368460.7712
60,50,373152.412
60,49,370824.5548
60,33,348385.3968
60,26,386525.0762
60,19,386675.2294
60,18,391251.2367
60,59,639032.7466
60,22,628111.7911
60,21,629768.2185
60,20,672799.0591
60,13,669880.6063
60,12,682345.8872
60,23,536922.7278
60,17,488682.4281
60,14,582855.754
60,11,540015.9993
60,16,610447.4433
60,27,783257.1951
60,7,807878.0603
60,41,957762.3087
60,6,864260.5753
60,34,482419.1863
60,57,100183.7788
60,25,238245.6454
60,28,695339.1943
60,30,760055.211
60,24,264371.7677
60,15,274874.7455
60,29,510311.5231
60,10,350008.5799
60,9,349621.6431
60,1,195305.6164
60,8,820117.9869
60,5,241828.6854
60,31,1166180.554
60,53,635482.2815
60,35,580555.16
60,4,396846.1522
60,3,394530.5502
60,2,460381.9748
61,39,425010.6888
61,38,424928.0354
61,37,423571.7385
61,36,425221.647
61,56,368863.4214
61,52,287948.3977
61,47,273006.0232
61,54,310876.8398
61,48,277883.5532
61,46,280426.6571
61,45,274780.4179
61,44,276834.6618
61,42,276107.7789
61,40,282049.148
61,58,325915.8471
61,55,326220.366
61,43,324179.1509
61,32,289358.7296
61,51,357505.5241
61,50,357706.7033
61,49,356162.1037
61,33,336146.7127
61,26,395728.6722
61,19,393075.1832
61,18,396470.0394
61,59,673248.42
61,22,662764.3376
61,21,664543.6661
61,20,709462.8716
61,13,706353.7736
61,12,714407.6389
61,23,575514.0875
61,17,524153.602
61,14,616073.7605
61,11,579099.7967
61,16,644957.6345
61,27,833908.9472
61,7,866417.0936
61,41,887607.2605
61,6,928313.756
61,34,417980.0124
61,57,187230.0634
61,25,324102.4656
61,28,767010.3738
61,30,704938.9977
61,24,353357.9994
61,15,369440.4654
61,29,590565.5082
61,10,453517.5828
61,9,449898.1668
61,1,282157.5379
61,8,909863.4166
61,5,329699.5165
61,31,1139175.846
61,53,652296.7421
61,35,598959.805
61,4,506350.1721
61,3,504338.6186
61,2,556052.0482
62,39,306188.6636
62,38,306027.9859
62,37,304836.8167
62,36,306131.4888
62,56,257023.9739
62,52,190667.3364
62,47,160159.2382
62,54,208569.6056
62,48,203425.9143
62,46,209079.4627
62,45,199170.832
62,44,200610.3014
62,42,201728.8941
62,40,209846.1787
62,58,247988.5518
62,55,248521.667
62,43,245592.8028
62,32,221618.7526
62,51,315337.2643
62,50,311103.1464
62,49,310499.9706
62,33,295270.6129
62,26,369238.6315
62,19,364123.2849
62,18,366052.6269
62,59,655673.234
62,22,645959.4753
62,21,647801.0125
62,20,693200.9625
62,13,689993.3187
62,12,693482.0817
62,23,565919.331
62,17,513972.8774
62,14,599523.9452
62,11,569835.2927
62,16,628617.9771
62,27,828715.3778
62,7,868816.6003
62,41,902640.4177
62,6,935556.7824
62,34,454907.5041
62,57,262402.6144
62,25,378124.7947
62,28,785595.7979
62,30,740456.2754
62,24,407890.2936
62,15,428487.4254
62,29,623487.2288
62,10,518275.6116
62,9,510947.5925
62,1,401768.5451
62,8,946984.5472
62,5,449274.2436
62,31,1194883.066
62,53,745434.3995
62,35,693893.2524
62,4,624378.0265
62,3,622279.7344
62,2,675670.5666
63,39,477367.4169
63,38,477026.1007
63,37,476209.3719
63,36,476615.044
63,56,431086.1922
63,52,357224.8932
63,47,334218.9342
63,54,331563.2798
63,48,278922.7241
63,46,279050.8827
63,45,276921.9434
63,44,279220.6399
63,42,277256.6933
63,40,281122.8226
63,58,325728.6677
63,55,325844.2714
63,43,324594.1573
63,32,284676.8703
63,51,330985.3075
63,50,333999.4025
63,49,331939.7156
63,33,310109.3346
63,26,357783.3905
63,19,356689.5424
63,18,360803.9467
63,59,624045.6795
63,22,613299.3901
63,21,615025.0023
63,20,659184.2715
63,13,656157.9545
63,12,666449.0556
63,23,523680.306
63,17,473528.8695
63,14,567111.2108
63,11,527046.7171
63,16,595485.5655
63,27,777336.1071
63,7,806387.1466
63,41,949588.5086
63,6,866040.1633
63,34,475797.3828
63,57,112012.219
63,25,251526.6578
63,28,701337.2847
63,30,759548.6285
63,24,280220.1496
63,15,295077.9021
63,29,521265.9608
63,10,377753.6897
63,9,374674.3884
63,1,248877.9596
63,8,838075.9583
63,5,296288.4941
63,31,1180364.324
63,53,667446.3564
63,35,612900.675
63,4,456197.6881
63,3,453900.1165
63,2,517784.2745
64,39,464749.6387
64,38,464374.582
64,37,463630.443
64,36,463872.9223
64,56,420186.0095
64,52,348314.937
64,47,323314.6842
64,54,316868.8923
64,48,264241.9802
64,46,264438.3752
64,45,262213.7883
64,44,264509.0775
64,42,262571.7202
64,40,266498.6951
64,58,311124.5186
64,55,311246.3065
64,43,309970.3327
64,32,270191.7501
64,51,318230.7065
64,50,320951.4353
64,49,318940.392
64,33,297253.9275
64,26,346607.136
64,19,345272.1956
64,18,349288.2696
64,59,615255.475
64,22,604557.7041
64,21,606296.0538
64,20,650648.9669
64,13,647602.6885
64,12,657426.279
64,23,515392.2667
64,17,464914.7957
64,14,558227.2359
64,11,518812.4887
64,16,586732.4647
64,27,770371.4933
64,7,800400.1278
64,41,954482.9698
64,6,860765.7134
64,34,481577.6059
64,57,113487.0751
64,25,250564.4079
64,28,697201.5046
64,30,766328.7788
64,24,279678.2108
64,15,295544.6784
64,29,518600.8689
64,10,379804.5583
64,9,376019.9762
64,1,263660.5359
64,8,836788.0602
64,5,311053.2204
64,31,1189974.07
64,53,680264.6338
64,35,625801.143
64,4,469966.5189
64,3,467642.6235
64,2,532325.2332
65,39,9125.091773
65,38,7528.19793
65,37,11741.65372
65,36,4890.035326
65,56,106617.2007
65,52,201093.744
65,47,168172.3658
65,54,221215.9504
65,48,308367.8642
65,46,316759.3973
65,45,305048.0167
65,44,303674.115
65,42,308350.4476
65,40,314816.4273
65,58,307168.3055
65,55,307964.4579
65,43,304678.9447
65,32,327908.9811
65,51,425713.7928
65,50,413382.3671
65,49,415205.3587
65,33,417522.4777
65,26,493083.3132
65,19,484461.7129
65,18,482623.127
65,59,740593.9604
65,22,733966.7366
65,21,735711.2605
65,20,776604.9249
65,13,773541.1453
65,12,765637.9815
65,23,681727.7492
65,17,637222.8804
65,14,694644.6452
65,11,685757.2857
65,16,720054.1881
65,27,924870.1045
65,7,979328.9152
65,41,978166.1327
65,6,1052606.749
65,34,628916.9244
65,57,549132.6178
65,25,629313.2442
65,28,937147.8025
65,30,875860.5887
65,24,656094.86
65,15,680257.7389
65,29,815988.6935
65,10,770023.5314
65,9,758066.8722
65,1,711481.2697
65,8,1126691.902
65,5,758617.8469
65,31,1351366.017
65,53,997790.3112
65,35,951467.6342
65,4,935266.9007
65,3,933138.2706
65,2,985226.4563
66,39,5201.39311
66,38,7248.177449
66,37,2926.561084
66,36,12863.07866
66,56,93027.61985
66,52,188855.3442
66,47,158858.0848
66,54,225761.5957
66,48,311931.4386
66,46,320445.0555
66,45,308464.2775
66,44,307177.8929
66,42,311835.6086
66,40,318570.4515
66,58,312796.3231
66,55,313601.8621
66,43,310243.6828
66,32,331958.3495
66,51,431337.6805
66,50,419181.0493
66,49,420928.0534
66,33,422543.4206
66,26,498863.6371
66,19,490308.1367
66,18,488606.6598
66,59,749195.5347
66,22,742436.0525
66,21,744189.7665
66,20,785368.8772
66,13,782291.2388
66,12,774762.6497
66,23,688961.391
66,17,643965.9979
66,14,702715.8851
66,11,693002.7497
66,16,728352.3516
66,27,933531.939
66,7,987567.1376
66,41,964076.9764
66,6,1060720.398
66,34,615856.8807
66,57,546950.6221
66,25,629891.998
66,28,943668.0924
66,30,862000.7713
66,24,656957.4105
66,15,680987.6023
66,29,820361.3556
66,10,771013.9239
66,9,759316.7047
66,1,704774.1025
66,8,1132271.632
66,5,751767.5096
66,31,1337537.084
66,53,986258.4246
66,35,940190.8125
66,4,929713.4753
66,3,927618.5354
66,2,978346.9076
67,39,7497.14552
67,38,5430.324941
67,37,9883.845668
67,36,631.14537
67,56,103774.1853
67,52,197511.8795
67,47,164018.1645
67,54,218176.7925
67,48,305130.1922
67,46,313549.0264
67,45,301778.8984
67,44,300423.0726
67,42,305096.2613
67,40,311620.451
67,58,304416.3569
67,55,305215.0902
67,43,301910.1336
67,32,324779.6674
67,51,422975.1332
67,50,410688.5183
67,49,412491.6168
67,33,414630.6251
67,26,490390.8115
67,19,481786.1763
67,18,479984.2117
67,59,738774.0128
67,22,732100.3056
67,21,733848.0716
67,20,774843.6433
67,13,771774.8198
67,12,764008.7081
67,23,679457.2711
67,17,634804.6677
67,14,692641.6607
67,11,683490.5518
67,16,718128.4367
67,27,923075.2533
67,7,977388.1137
67,41,976291.5418
67,6,1050625.089
67,34,625637.9981
67,57,545033.2926
67,25,625559.5364
67,28,934673.437
67,30,873201.5704
67,24,652385.7946
67,15,676528.6915
67,29,812961.2384
67,10,766337.7102
67,9,754422.934
67,1,707167.876
67,8,1123965.074
67,5,754305.7016
67,31,1348663.75
67,53,993961.9163
67,35,947580.509
67,4,930963.8198
67,3,928836.0075
67,2,980914.3757
68,39,453136.0101
68,38,451516.2702
68,37,453812.7945
68,36,447494.1862
68,56,476009.5161
68,52,469973.3507
68,47,408322.9753
68,54,230942.2315
68,48,151977.5474
68,46,143099.6177
68,45,156435.4177
68,44,156848.011
68,42,152753.453
68,40,144243.9445
68,58,143810.3255
68,55,143026.3827
68,43,146239.8465
68,32,129350.4638
68,51,26644.56319
68,50,40141.22558
68,49,37579.64041
68,33,35323.23029
68,26,45191.68037
68,19,38258.00759
68,18,39375.1392
68,59,329792.9087
68,22,320403.341
68,21,322252.5289
68,20,367501.0215
68,13,364281.1622
68,12,366758.1035
68,23,246247.7869
68,17,196071.2351
68,14,274524.7294
68,11,250313.7915
68,16,303390.9676
68,27,507202.372
68,7,552469.8369
68,41,1228747.245
68,6,622605.7213
68,34,771487.7969
68,57,284552.796
68,25,255633.9204
68,28,490503.0314
68,30,1059256.694
68,24,270253.0999
68,15,294061.8588
68,29,367436.4351
68,10,368534.6957
68,9,352192.3516
68,1,548304.6135
68,8,676068.0979
68,5,590478.6863
68,31,1499634.303
68,53,995353.3893
68,35,940644.0061
68,4,694749.3173
68,3,691752.4755
68,2,784658.56
69,39,914799.5597
69,38,915800.0912
69,37,912440.6971
69,36,918905.3008
69,56,822806.7594
69,52,722700.3084
69,47,760657.2961
69,54,887667.4238
69,48,868622.4983
69,46,871665.5313
69,45,865261.1487
69,44,867214.3415
69,42,866840.2425
69,40,873189.948
69,58,916451.0399
69,55,916807.4248
69,43,914550.2271
69,32,880983.43
69,51,943354.7167
69,50,945327.5216
69,49,943475.0515
69,33,922211.1591
69,26,970528.1887
69,19,969814.028
69,18,974041.5199
69,59,1223240.9
69,22,1212255.437
69,21,1213858.134
69,20,1255837.77
69,13,1253021.438
69,12,1266955.67
69,23,1120527.797
69,17,1073717.292
69,14,1167757.654
69,11,1123405.283
69,16,1194770.435
69,27,1356048.533
69,7,1372170.893
69,41,574274.1214
69,6,1420125.579
69,34,330076.7488
69,57,681890.0942
69,25,801279.0875
69,28,1244963.341
69,30,357314.0594
69,24,819837.8299
69,15,819849.5664
69,29,1055449.617
69,10,861269.2501
69,9,869968.4827
69,1,444759.5124
69,8,1324536.42
69,5,427895.9278
69,31,604595.9018
69,53,80139.4817
69,35,63415.18855
69,4,531799.6287
69,3,533438.9416
69,2,454027.2435
70,39,920708.1108
70,38,921693.0327
70,37,918358.9232
70,36,924758.3601
70,56,829004.42
70,52,728749.0131
70,47,766126.2077
70,54,891512.8996
70,48,871567.426
70,46,874520.7433
70,45,868242.2456
70,44,870209.681
70,42,869785.5995
70,40,876066.0786
70,58,919441.2522
70,55,919790.0098
70,43,917563.2353
70,32,883722.7479
70,51,945170.6409
70,50,947278.8171
70,49,945402.0237
70,33,924059.2571
70,26,971718.5435
70,19,971093.421
70,18,975355.774
70,59,1223215.281
70,22,1212224.258
70,21,1213819.467
70,20,1255660.816
70,13,1252856.756
70,12,1266975.948
70,23,1120459.949
70,17,1073853.467
70,14,1167846.601
70,11,1123312.031
70,16,1194768.12
70,27,1355051.337
70,7,1370725.812
70,41,583166.657
70,6,1418290.319
70,34,338450.1887
70,57,682052.4882
70,25,800436.7817
70,28,1243021.185
70,30,366608.6709
70,24,818713.4753
70,15,818431.0288
70,29,1053569.301
70,10,858925.0518
70,9,867802.0325
70,1,442872.2715
70,8,1321217.701
70,5,425039.1107
70,31,608031.0726
70,53,71972.91798
70,35,53902.93455
70,4,525866.2669
70,3,527545.8933
70,2,446911.8918
71,39,383021.9946
71,38,382604.5298
71,37,381954.2837
71,36,381997.0894
71,56,342365.0705
71,52,278097.2891
71,47,245921.3731
71,54,240917.1514
71,48,201040.8619
71,46,203290.275
71,45,198095.6802
71,44,200202.5852
71,42,199272.829
71,40,204967.4937
71,58,249087.8139
71,55,249366.2749
71,43,247435.3086
71,32,211993.4592
71,51,282607.9567
71,50,282041.5341
71,49,280637.6428
71,33,261297.3582
71,26,324954.909
71,19,321579.6182
71,18,324608.0401
71,59,607010.7268
71,22,596761.4004
71,21,598569.6438
71,20,643819.6801
71,13,640664.7504
71,12,647150.4909
71,23,511815.02
71,17,459932.7745
71,14,549971.9712
71,11,515548.4437
71,16,579051.9547
71,27,772917.5627
71,7,808782.2503
71,41,948585.0035
71,6,873042.8501
71,34,484985.186
71,57,174770.6856
71,25,294071.6705
71,28,716986.1256
71,30,772791.9179
71,24,323949.5761
71,15,343624.164
71,29,547968.3751
71,10,432640.025
71,9,426043.1474
71,1,340413.8797
71,8,870706.4069
71,5,388189.4104
71,31,1213115.022
71,53,729465.1716
71,35,675987.6677
71,4,551891.0521
71,3,549596.4648
71,2,611831.6185
72,39,635598.9505
72,38,634891.0013
72,37,634879.7546
72,36,633463.1798
72,56,603744.9953
72,52,538866.4345
72,47,507791.6957
72,54,450300.5819
72,48,372271.2702
72,46,368009.5521
72,45,372611.7567
72,44,374902.1544
72,42,371124.313
72,40,370492.3895
72,58,408614.2751
72,55,408349.4075
72,43,408808.4656
72,32,366330.9319
72,51,355321.9618
72,50,364689.0284
72,49,361774.1013
72,33,340051.3337
72,26,346086.2926
72,19,349681.4561
72,18,355081.9594
72,59,549481.0649
72,22,538503.3544
72,21,539956.4455
72,20,579332.282
72,13,576720.3765
72,12,593609.0296
72,23,447152.4655
72,17,405608.9199
72,14,496861.0211
72,11,449509.3034
72,16,521731.3172
72,27,672365.3908
72,7,688976.3029
72,41,1098846.78
72,6,739625.7571
72,34,624656.0725
72,57,89235.59596
72,25,119348.725
72,28,566310.9079
72,30,895137.3707
72,24,135993.1055
72,15,137910.7732
72,29,377342.4859
72,10,202342.0343
72,9,203925.5293
72,1,243544.0158
72,8,676658.2122
72,5,275112.8278
72,31,1279894.435
72,53,720513.6437
72,35,666089.9488
72,4,355614.973
72,3,352631.4308
72,2,447343.0393
73,39,280435.3387
73,38,280743.42
73,37,278618.7756
73,36,282101.4907
73,56,213119.7123
73,52,130343.7778
73,47,120548.721
73,54,240864.2513
73,48,257260.9218
73,46,264130.3853
73,45,252667.9676
73,44,253694.2332
73,42,255705.3396
73,40,264440.6381
73,58,297580.4253
73,55,298221.4049
73,43,294911.5498
73,32,277690.5443
73,51,377626.9049
73,50,372141.4145
73,49,371846.7052
73,33,358352.1149
73,26,434610.6015
73,19,429012.505
73,18,430575.5629
73,59,720925.3425
73,22,711417.8823
73,21,713264.8965
73,20,758588.4193
73,13,755371.6158
73,12,757816.8975
73,23,633099.1717
73,17,581298.1088
73,14,665243.0829
73,11,637054.2602
73,16,694248.6682
73,27,895858.1021
73,7,937070.8269
73,41,843003.8165
73,6,1004356.32
73,34,408389.198
73,57,325248.5534
73,25,446423.0043
73,28,855585.6163
73,30,689441.2548
73,24,476270.0631
73,15,496293.8501
73,29,693891.2891
73,10,585447.2237
73,9,578744.7088
73,1,430200.6333
73,8,1017381.294
73,5,476379.8837
73,31,1151118.127
73,53,729212.4945
73,35,679761.2677
73,4,660722.3477
73,3,658861.5752
73,2,702401.5504
